{
  "Anonymous - Open Contacts" : {
    "transaction" : "Anonymous - Open Contacts",
    "sampleCount" : 64,
    "errorCount" : 0,
    "errorPct" : 0.0,
    "meanResTime" : 27.03125,
    "medianResTime" : 8.0,
    "minResTime" : 5.0,
    "maxResTime" : 228.0,
    "pct1ResTime" : 96.0,
    "pct2ResTime" : 173.0,
    "pct3ResTime" : 228.0,
    "throughput" : 0.5472377320416243,
    "receivedKBytesPerSec" : 10.642611542440852,
    "sentKBytesPerSec" : 0.2641330557241922
  },
  "Comment" : {
    "transaction" : "Comment",
    "sampleCount" : 220,
    "errorCount" : 0,
    "errorPct" : 0.0,
    "meanResTime" : 47.40454545454543,
    "medianResTime" : 35.0,
    "minResTime" : 5.0,
    "maxResTime" : 561.0,
    "pct1ResTime" : 70.80000000000001,
    "pct2ResTime" : 127.64999999999992,
    "pct3ResTime" : 257.3799999999998,
    "throughput" : 1.1864315375074153,
    "receivedKBytesPerSec" : 2.8247266488701936,
    "sentKBytesPerSec" : 2.7121452080973953
  },
  "Editor - Login" : {
    "transaction" : "Editor - Login",
    "sampleCount" : 2,
    "errorCount" : 0,
    "errorPct" : 0.0,
    "meanResTime" : 19.0,
    "medianResTime" : 19.0,
    "minResTime" : 16.0,
    "maxResTime" : 22.0,
    "pct1ResTime" : 22.0,
    "pct2ResTime" : 22.0,
    "pct3ResTime" : 22.0,
    "throughput" : 2.0942408376963355,
    "receivedKBytesPerSec" : 65.38367146596859,
    "sentKBytesPerSec" : 5.020860602094241
  },
  "Anonymous - Open Predefined Date" : {
    "transaction" : "Anonymous - Open Predefined Date",
    "sampleCount" : 416,
    "errorCount" : 0,
    "errorPct" : 0.0,
    "meanResTime" : 18.192307692307722,
    "medianResTime" : 7.5,
    "minResTime" : 6.0,
    "maxResTime" : 280.0,
    "pct1ResTime" : 24.900000000000034,
    "pct2ResTime" : 95.74999999999989,
    "pct3ResTime" : 227.59999999999968,
    "throughput" : 2.14497117694981,
    "receivedKBytesPerSec" : 55.9526827366558,
    "sentKBytesPerSec" : 1.048628182008023
  },
  "Anonymous - Search by Name" : {
    "transaction" : "Anonymous - Search by Name",
    "sampleCount" : 384,
    "errorCount" : 0,
    "errorPct" : 0.0,
    "meanResTime" : 21.3046875,
    "medianResTime" : 8.0,
    "minResTime" : 6.0,
    "maxResTime" : 442.0,
    "pct1ResTime" : 35.5,
    "pct2ResTime" : 115.25,
    "pct3ResTime" : 226.99999999999955,
    "throughput" : 2.1320067513547123,
    "receivedKBytesPerSec" : 55.38428866483078,
    "sentKBytesPerSec" : 1.00902927761615
  },
  "Admin- Open Login Page" : {
    "transaction" : "Admin- Open Login Page",
    "sampleCount" : 2,
    "errorCount" : 0,
    "errorPct" : 0.0,
    "meanResTime" : 548.0,
    "medianResTime" : 548.0,
    "minResTime" : 29.0,
    "maxResTime" : 1067.0,
    "pct1ResTime" : 1067.0,
    "pct2ResTime" : 1067.0,
    "pct3ResTime" : 1067.0,
    "throughput" : 0.6381620931716656,
    "receivedKBytesPerSec" : 2.831221083280153,
    "sentKBytesPerSec" : 0.28792078813018507
  },
  "Open Random Page" : {
    "transaction" : "Open Random Page",
    "sampleCount" : 496,
    "errorCount" : 0,
    "errorPct" : 0.0,
    "meanResTime" : 20.27016129032257,
    "medianResTime" : 9.0,
    "minResTime" : 6.0,
    "maxResTime" : 258.0,
    "pct1ResTime" : 33.60000000000002,
    "pct2ResTime" : 86.64999999999975,
    "pct3ResTime" : 234.3299999999997,
    "throughput" : 2.540228825451454,
    "receivedKBytesPerSec" : 65.75899438979452,
    "sentKBytesPerSec" : 1.2021354438742586
  },
  "Editor - Edit Post" : {
    "transaction" : "Editor - Edit Post",
    "sampleCount" : 100,
    "errorCount" : 0,
    "errorPct" : 0.0,
    "meanResTime" : 5.130000000000002,
    "medianResTime" : 2.0,
    "minResTime" : 1.0,
    "maxResTime" : 94.0,
    "pct1ResTime" : 10.900000000000006,
    "pct2ResTime" : 17.799999999999955,
    "pct3ResTime" : 93.42999999999971,
    "throughput" : 0.3134992789516584,
    "receivedKBytesPerSec" : 0.05571959840742366,
    "sentKBytesPerSec" : 0.6071017628456329
  },
  "Anonymous - Open Home page" : {
    "transaction" : "Anonymous - Open Home page",
    "sampleCount" : 512,
    "errorCount" : 0,
    "errorPct" : 0.0,
    "meanResTime" : 27.273437500000025,
    "medianResTime" : 10.0,
    "minResTime" : 7.0,
    "maxResTime" : 1227.0,
    "pct1ResTime" : 42.799999999999955,
    "pct2ResTime" : 116.0499999999999,
    "pct3ResTime" : 268.22,
    "throughput" : 2.6277297338910417,
    "receivedKBytesPerSec" : 66.92011498723345,
    "sentKBytesPerSec" : 1.2652184268264517
  },
  "Admin - Login" : {
    "transaction" : "Admin - Login",
    "sampleCount" : 2,
    "errorCount" : 0,
    "errorPct" : 0.0,
    "meanResTime" : 42.0,
    "medianResTime" : 42.0,
    "minResTime" : 20.0,
    "maxResTime" : 64.0,
    "pct1ResTime" : 64.0,
    "pct2ResTime" : 64.0,
    "pct3ResTime" : 64.0,
    "throughput" : 1.1983223487118035,
    "receivedKBytesPerSec" : 44.905491686638705,
    "sentKBytesPerSec" : 2.87527149490713
  },
  "Open First Post" : {
    "transaction" : "Open First Post",
    "sampleCount" : 667,
    "errorCount" : 0,
    "errorPct" : 0.0,
    "meanResTime" : 27.709145427286355,
    "medianResTime" : 12.0,
    "minResTime" : 7.0,
    "maxResTime" : 626.0,
    "pct1ResTime" : 53.200000000000045,
    "pct2ResTime" : 109.00000000000023,
    "pct3ResTime" : 248.88000000000045,
    "throughput" : 3.380724296104818,
    "receivedKBytesPerSec" : 79.0536240939963,
    "sentKBytesPerSec" : 1.4133588424060417
  },
  "Admin - LogOut" : {
    "transaction" : "Admin - LogOut",
    "sampleCount" : 2,
    "errorCount" : 0,
    "errorPct" : 0.0,
    "meanResTime" : 33.0,
    "medianResTime" : 33.0,
    "minResTime" : 12.0,
    "maxResTime" : 54.0,
    "pct1ResTime" : 54.0,
    "pct2ResTime" : 54.0,
    "pct3ResTime" : 54.0,
    "throughput" : 21.052631578947366,
    "receivedKBytesPerSec" : 546.2582236842105,
    "sentKBytesPerSec" : 34.02549342105263
  },
  "Get Post Content" : {
    "transaction" : "Get Post Content",
    "sampleCount" : 100,
    "errorCount" : 0,
    "errorPct" : 0.0,
    "meanResTime" : 11.620000000000005,
    "medianResTime" : 3.0,
    "minResTime" : 1.0,
    "maxResTime" : 240.0,
    "pct1ResTime" : 26.50000000000003,
    "pct2ResTime" : 70.84999999999997,
    "pct3ResTime" : 238.47999999999922,
    "throughput" : 0.3126406883097394,
    "receivedKBytesPerSec" : 0.24272702501281826,
    "sentKBytesPerSec" : 0.40606651899604823
  },
  "Anonymous - Open Random Date" : {
    "transaction" : "Anonymous - Open Random Date",
    "sampleCount" : 128,
    "errorCount" : 0,
    "errorPct" : 0.0,
    "meanResTime" : 24.671874999999996,
    "medianResTime" : 8.0,
    "minResTime" : 5.0,
    "maxResTime" : 288.0,
    "pct1ResTime" : 61.90000000000016,
    "pct2ResTime" : 157.1,
    "pct3ResTime" : 273.2099999999997,
    "throughput" : 0.8025480901863417,
    "receivedKBytesPerSec" : 18.872438302156223,
    "sentKBytesPerSec" : 0.3902159865385098
  },
  "Editor - Open Page by Predefined Date" : {
    "transaction" : "Editor - Open Page by Predefined Date",
    "sampleCount" : 100,
    "errorCount" : 0,
    "errorPct" : 0.0,
    "meanResTime" : 20.209999999999997,
    "medianResTime" : 9.0,
    "minResTime" : 7.0,
    "maxResTime" : 549.0,
    "pct1ResTime" : 18.900000000000006,
    "pct2ResTime" : 37.29999999999984,
    "pct3ResTime" : 545.8999999999984,
    "throughput" : 0.3126387334379631,
    "receivedKBytesPerSec" : 9.537536114658693,
    "sentKBytesPerSec" : 0.37309036353631925
  },
  "Open Random Post" : {
    "transaction" : "Open Random Post",
    "sampleCount" : 435,
    "errorCount" : 0,
    "errorPct" : 0.0,
    "meanResTime" : 26.20229885057472,
    "medianResTime" : 12.0,
    "minResTime" : 6.0,
    "maxResTime" : 586.0,
    "pct1ResTime" : 44.80000000000007,
    "pct2ResTime" : 132.39999999999998,
    "pct3ResTime" : 258.64,
    "throughput" : 2.2468427984814445,
    "receivedKBytesPerSec" : 52.55994506372512,
    "sentKBytesPerSec" : 0.9423332542418843
  },
  "Admin - Delete User" : {
    "transaction" : "Admin - Delete User",
    "sampleCount" : 8,