{
  "Anonymous - Open Contacts" : {
    "transaction" : "Anonymous - Open Contacts",
    "sampleCount" : 64,
    "errorCount" : 0,
    "errorPct" : 0.0,
    "meanResTime" : 27.10937500000001,
    "medianResTime" : 14.0,
    "minResTime" : 6.0,
    "maxResTime" : 823.0,
    "pct1ResTime" : 22.0,
    "pct2ResTime" : 22.75,
    "pct3ResTime" : 823.0,
    "throughput" : 0.5148336443786602,
    "receivedKBytesPerSec" : 10.011030398815079,
    "sentKBytesPerSec" : 0.24703153657732158
  },
  "Editor - Login" : {
    "transaction" : "Editor - Login",
    "sampleCount" : 2,
    "errorCount" : 0,
    "errorPct" : 0.0,
    "meanResTime" : 2236.5,
    "medianResTime" : 2236.5,
    "minResTime" : 2233.0,
    "maxResTime" : 2240.0,
    "pct1ResTime" : 2240.0,
    "pct2ResTime" : 2240.0,
    "pct3ResTime" : 2240.0,
    "throughput" : 0.8928571428571428,
    "receivedKBytesPerSec" : 27.843366350446427,
    "sentKBytesPerSec" : 2.1475655691964284
  },
  "Anonymous - Open Predefined Date" : {
    "transaction" : "Anonymous - Open Predefined Date",
    "sampleCount" : 416,
    "errorCount" : 0,
    "errorPct" : 0.0,
    "meanResTime" : 16.822115384615383,
    "medianResTime" : 16.5,
    "minResTime" : 5.0,
    "maxResTime" : 36.0,
    "pct1ResTime" : 25.0,
    "pct2ResTime" : 26.0,
    "pct3ResTime" : 30.829999999999984,
    "throughput" : 2.135304383533518,
    "receivedKBytesPerSec" : 56.00504732734063,
    "sentKBytesPerSec" : 1.0417268183451391
  },
  "Anonymous - Search by Name" : {
    "transaction" : "Anonymous - Search by Name",
    "sampleCount" : 384,
    "errorCount" : 0,
    "errorPct" : 0.0,
    "meanResTime" : 18.471354166666675,
    "medianResTime" : 19.0,
    "minResTime" : 6.0,
    "maxResTime" : 62.0,
    "pct1ResTime" : 26.5,
    "pct2ResTime" : 28.0,
    "pct3ResTime" : 33.299999999999955,
    "throughput" : 2.101633691815122,
    "receivedKBytesPerSec" : 54.75419155173358,
    "sentKBytesPerSec" : 0.9956485339189448
  },
  "Admin- Open Login Page" : {
    "transaction" : "Admin- Open Login Page",
    "sampleCount" : 2,
    "errorCount" : 0,
    "errorPct" : 0.0,
    "meanResTime" : 5586.5,
    "medianResTime" : 5586.5,
    "minResTime" : 4654.0,
    "maxResTime" : 6519.0,
    "pct1ResTime" : 6519.0,
    "pct2ResTime" : 6519.0,
    "pct3ResTime" : 6519.0,
    "throughput" : 0.3067484662576687,
    "receivedKBytesPerSec" : 1.3608967599693251,
    "sentKBytesPerSec" : 0.13839628067484663
  },
  "Editor - Edit Post" : {
    "transaction" : "Editor - Edit Post",
    "sampleCount" : 100,
    "errorCount" : 0,
    "errorPct" : 0.0,
    "meanResTime" : 6.410000000000003,
    "medianResTime" : 5.0,
    "minResTime" : 2.0,
    "maxResTime" : 56.0,
    "pct1ResTime" : 7.900000000000006,
    "pct2ResTime" : 19.94999999999999,
    "pct3ResTime" : 55.87999999999994,
    "throughput" : 0.32518527431003813,
    "receivedKBytesPerSec" : 0.05779660148869819,
    "sentKBytesPerSec" : 0.6292366814273682
  },
  "Anonymous - Open Home page" : {
    "transaction" : "Anonymous - Open Home page",
    "sampleCount" : 512,
    "errorCount" : 1,
    "errorPct" : 0.1953125,
    "meanResTime" : 147.0449218749999,
    "medianResTime" : 21.5,
    "minResTime" : 6.0,
    "maxResTime" : 10061.0,
    "pct1ResTime" : 32.0,
    "pct2ResTime" : 37.0,
    "pct3ResTime" : 6563.360000000003,
    "throughput" : 2.485907526182141,
    "receivedKBytesPerSec" : 63.278263808136,
    "sentKBytesPerSec" : 1.1930637808857016
  },
  "Admin - User List" : {
    "transaction" : "Admin - User List",
    "sampleCount" : 20,
    "errorCount" : 0,
    "errorPct" : 0.0,
    "meanResTime" : 72.95,
    "medianResTime" : 10.0,
    "minResTime" : 3.0,
    "maxResTime" : 724.0,
    "pct1ResTime" : 515.9000000000012,
    "pct2ResTime" : 716.3499999999999,
    "pct3ResTime" : 724.0,
    "throughput" : 0.4516915849857717,
    "receivedKBytesPerSec" : 2.949206399058223,
    "sentKBytesPerSec" : 0.5597623255341253
  },
  "Admin - Login" : {
    "transaction" : "Admin - Login",
    "sampleCount" : 2,
    "errorCount" : 0,
    "errorPct" : 0.0,
    "meanResTime" : 2033.5,
    "medianResTime" : 2033.5,
    "minResTime" : 1733.0,
    "maxResTime" : 2334.0,
    "pct1ResTime" : 2334.0,
    "pct2ResTime" : 2334.0,
    "pct3ResTime" : 2334.0,
    "throughput" : 0.8568980291345331,
    "receivedKBytesPerSec" : 32.08011996572408,
    "sentKBytesPerSec" : 2.0476850364181662
  },
  "Anonymous - Open Random Page" : {
    "transaction" : "Anonymous - Open Random Page",
    "sampleCount" : 500,
    "errorCount" : 0,
    "errorPct" : 0.0,
    "meanResTime" : 19.021999999999977,
    "medianResTime" : 19.0,
    "minResTime" : 5.0,
    "maxResTime" : 56.0,
    "pct1ResTime" : 30.0,
    "pct2ResTime" : 31.94999999999999,
    "pct3ResTime" : 36.99000000000001,
    "throughput" : 2.5329922237138733,
    "receivedKBytesPerSec" : 65.68745903676638,
    "sentKBytesPerSec" : 1.1997131782086679
  },
  "Admin - LogOut" : {
    "transaction" : "Admin - LogOut",
    "sampleCount" : 2,
    "errorCount" : 0,
    "errorPct" : 0.0,
    "meanResTime" : 16.5,
    "medianResTime" : 16.5,
    "minResTime" : 13.0,
    "maxResTime" : 20.0,
    "pct1ResTime" : 20.0,
    "pct2ResTime" : 20.0,
    "pct3ResTime" : 20.0,
    "throughput" : 24.390243902439025,
    "receivedKBytesPerSec" : 634.3368902439024,
    "sentKBytesPerSec" : 39.41977896341463
  },
  "Editor -  Get Post Content" : {
    "transaction" : "Editor -  Get Post Content",
    "sampleCount" : 100,
    "errorCount" : 0,
    "errorPct" : 0.0,
    "meanResTime" : 4.780000000000003,
    "medianResTime" : 5.0,
    "minResTime" : 2.0,
    "maxResTime" : 31.0,
    "pct1ResTime" : 6.0,
    "pct2ResTime" : 7.0,
    "pct3ResTime" : 30.769999999999882,
    "throughput" : 0.3242342397841897,
    "receivedKBytesPerSec" : 0.2523929246820073,
    "sentKBytesPerSec" : 0.42112454971969954
  },
  "Anonymous - Open Random Date" : {
    "transaction" : "Anonymous - Open Random Date",
    "sampleCount" : 128,
    "errorCount" : 0,
    "errorPct" : 0.0,
    "meanResTime" : 18.859375,
    "medianResTime" : 17.0,
    "minResTime" : 6.0,
    "maxResTime" : 169.0,
    "pct1ResTime" : 26.0,
    "pct2ResTime" : 37.949999999999974,
    "pct3ResTime" : 137.67999999999932,
    "throughput" : 0.8039746496743274,
    "receivedKBytesPerSec" : 19.4003047880459,
    "sentKBytesPerSec" : 0.3916702063011513
  },
  "Editor - Open Page by Predefined Date" : {
    "transaction" : "Editor - Open Page by Predefined Date",
    "sampleCount" : 100,
    "errorCount" : 0,
    "errorPct" : 0.0,
    "meanResTime" : 23.410000000000014,
    "medianResTime" : 27.0,
    "minResTime" : 8.0,
    "maxResTime" : 51.0,
    "pct1ResTime" : 31.0,
    "pct2ResTime" : 34.94999999999999,
    "pct3ResTime" : 50.97999999999999,
    "throughput" : 0.32428891548058,
    "receivedKBytesPerSec" : 9.938872552834772,
    "sentKBytesPerSec" : 0.3869932174973327
  },
  "Anonymous - Open First Post" : {
    "transaction" : "Anonymous - Open First Post",
    "sampleCount" : 670,
    "errorCount" : 0,
    "errorPct" : 0.0,
    "meanResTime" : 19.195522388059693,
    "medianResTime" : 18.0,
    "minResTime" : 6.0,
    "maxResTime" : 74.0,
    "pct1ResTime" : 28.0,
    "pct2ResTime" : 29.0,
    "pct3ResTime" : 38.0,
    "throughput" : 3.463087109562772,
    "receivedKBytesPerSec" : 81.03697027204618,
    "sentKBytesPerSec" : 1.447951811724359
  },
  "Admin - Delete User" : {
    "transaction" : "Admin - Delete User",
    "sampleCount" : 10,
    "errorCount" : 0,
    "errorPct" : 0.0,
    "meanResTime" : 13.7,
    "medianResTime" : 12.0,
    "minResTime" : 6.0,
    "maxResTime" : 31.0,
    "pct1ResTime" : 29.900000000000006,
    "pct2ResTime" : 31.0,
    "pct3ResTime" : 31.0,
    "throughput" : 0.23994625203954315,
    "receivedKBytesPerSec" : 0.04264669713984067,
    "sentKBytesPerSec" : 0.4433381922449371
  },
  "Admin - Add User" : {
    "transaction" : "Admin - Add User",
    "sampleCount" : 10,
    "errorCount" : 0,
    "errorPct" : 0.0,
    "meanResTime" : 10.7,