{
  "GeneratePost" : {
    "transaction" : "GeneratePost",
    "sampleCount" : 1000,
    "errorCount" : 0,
    "errorPct" : 0.0,
    "meanResTime" : 72.98500000000006,
    "medianResTime" : 71.0,
    "minResTime" : 37.0,
    "maxResTime" : 1083.0,
    "pct1ResTime" : 99.0,
    "pct2ResTime" : 104.94999999999993,
    "pct3ResTime" : 142.99,
    "throughput" : 0.9655874295966065,
    "receivedKBytesPerSec" : 0.7873629982310439,
    "sentKBytesPerSec" : 1.5511634000843926
  },
  "Total" : {
    "transaction" : "Total",
    "sampleCount" : 1006,
    "errorCount" : 0,
    "errorPct" : 0.0,
    "meanResTime" : 79.80417495029816,
    "medianResTime" : 71.0,
    "minResTime" : 37.0,
    "maxResTime" : 1837.0,
    "pct1ResTime" : 99.0,
    "pct2ResTime" : 106.64999999999998,
    "pct3ResTime" : 280.5799999999997,
    "throughput" : 0.9696656581244198,
    "receivedKBytesPerSec" : 0.8994829734999822,
    "sentKBytesPerSec" : 1.557671551783134
  },
  "Login" : {
    "transaction" : "Login",
    "sampleCount" : 2,
    "errorCount" : 0,
    "errorPct" : 0.0,
    "meanResTime" : 1830.5,
    "medianResTime" : 1830.5,
    "minResTime" : 1824.0,
    "maxResTime" : 1837.0,
    "pct1ResTime" : 1837.0,
    "pct2ResTime" : 1837.0,
    "pct3ResTime" : 1837.0,
    "throughput" : 1.0887316276537835,
    "receivedKBytesPerSec" : 32.05325853973871,
    "sentKBytesPerSec" : 2.611254763200871
  },
  "Login-0" : {
    "transaction" : "Login-0",
    "sampleCount" : 2,
    "errorCount" : 0,
    "errorPct" : 0.0,
    "meanResTime" : 1003.0,
    "medianResTime" : 1003.0,
    "minResTime" : 1002.0,
    "maxResTime" : 1004.0,
    "pct1ResTime" : 1004.0,
    "pct2ResTime" : 1004.0,
    "pct3ResTime" : 1004.0,
    "throughput" : 1.9920318725099602,
    "receivedKBytesPerSec" : 2.349975099601594,
    "sentKBytesPerSec" : 2.246871887450199
  },
  "Login-1" : {
    "transaction" : "Login-1",
    "sampleCount" : 2,
    "errorCount" : 0,
    "errorPct" : 0.0,
    "meanResTime" : 815.5,
    "medianResTime" : 815.5,
    "minResTime" : 810.0,
    "maxResTime" : 821.0,
    "pct1ResTime" : 821.0,
    "pct2ResTime" : 821.0,
    "pct3ResTime" : 821.0,
    "throughput" : 2.4360535931790497,
    "receivedKBytesPerSec" : 68.84587203105968,
    "sentKBytesPerSec" : 3.0950251218026796
  }
}