{
  "Anonymous - Open Contacts" : {
    "transaction" : "Anonymous - Open Contacts",
    "sampleCount" : 3776,
    "errorCount" : 3282,
    "errorPct" : 86.91737,
    "meanResTime" : 174.73649364406842,
    "medianResTime" : 103.0,
    "minResTime" : 2.0,
    "maxResTime" : 10010.0,
    "pct1ResTime" : 169.0,
    "pct2ResTime" : 180.0,
    "pct3ResTime" : 191.0,
    "throughput" : 0.21019638387626738,
    "receivedKBytesPerSec" : 0.6294078167956207,
    "sentKBytesPerSec" : 0.10224398347642664
  },
  "Editor - Login" : {
    "transaction" : "Editor - Login",
    "sampleCount" : 182,
    "errorCount" : 162,
    "errorPct" : 89.01099,
    "meanResTime" : 205.47252747252742,
    "medianResTime" : 101.0,
    "minResTime" : 4.0,
    "maxResTime" : 10003.0,
    "pct1ResTime" : 164.40000000000003,
    "pct2ResTime" : 176.7,
    "pct3ResTime" : 10002.17,
    "throughput" : 0.010127953334842881,
    "receivedKBytesPerSec" : 0.03791238429648037,
    "sentKBytesPerSec" : 0.01707613972724754
  },
  "Anonymous - Open Predefined Date" : {
    "transaction" : "Anonymous - Open Predefined Date",
    "sampleCount" : 22657,
    "errorCount" : 19698,
    "errorPct" : 86.94002,
    "meanResTime" : 176.45288431831284,
    "medianResTime" : 111.0,
    "minResTime" : 0.0,
    "maxResTime" : 19008.0,
    "pct1ResTime" : 170.0,
    "pct2ResTime" : 180.0,
    "pct3ResTime" : 195.0,
    "throughput" : 1.259238160079477,
    "receivedKBytesPerSec" : 4.851087858914417,
    "sentKBytesPerSec" : 0.6221618145629112
  },
  "Anonymous - Search by Name" : {
    "transaction" : "Anonymous - Search by Name",
    "sampleCount" : 22654,
    "errorCount" : 19699,
    "errorPct" : 86.95595,
    "meanResTime" : 177.3262558488582,
    "medianResTime" : 112.0,
    "minResTime" : 0.0,
    "maxResTime" : 19005.0,
    "pct1ResTime" : 170.0,
    "pct2ResTime" : 180.0,
    "pct3ResTime" : 195.9800000000032,
    "throughput" : 1.2591471448557803,
    "receivedKBytesPerSec" : 4.828151076053482,
    "sentKBytesPerSec" : 0.6025262509794185
  },
  "Admin- Open Login Page" : {
    "transaction" : "Admin- Open Login Page",
    "sampleCount" : 658,
    "errorCount" : 496,
    "errorPct" : 75.37994,
    "meanResTime" : 160.3510638297872,
    "medianResTime" : 86.5,
    "minResTime" : 2.0,
    "maxResTime" : 10003.0,
    "pct1ResTime" : 165.0,
    "pct2ResTime" : 176.04999999999995,
    "pct3ResTime" : 1052.989999999948,
    "throughput" : 0.03658813729181391,
    "receivedKBytesPerSec" : 0.05422678287376019,
    "sentKBytesPerSec" : 0.026746473985083716
  },
  "Editor - Edit Post" : {
    "transaction" : "Editor - Edit Post",
    "sampleCount" : 570,
    "errorCount" : 0,
    "errorPct" : 0.0,
    "meanResTime" : 3.6666666666666625,
    "medianResTime" : 3.0,
    "minResTime" : 1.0,
    "maxResTime" : 45.0,
    "pct1ResTime" : 6.0,
    "pct2ResTime" : 7.0,
    "pct3ResTime" : 13.579999999999927,
    "throughput" : 0.1427726243261508,
    "receivedKBytesPerSec" : 0.025375603151718204,
    "sentKBytesPerSec" : 0.27647861951771907
  },
  "Anonymous - Open Home page" : {
    "transaction" : "Anonymous - Open Home page",
    "sampleCount" : 28248,
    "errorCount" : 24558,
    "errorPct" : 86.937126,
    "meanResTime" : 174.2452563013296,
    "medianResTime" : 111.0,
    "minResTime" : 1.0,
    "maxResTime" : 19006.0,
    "pct1ResTime" : 168.0,
    "pct2ResTime" : 177.0,
    "pct3ResTime" : 188.0,
    "throughput" : 1.5694746732469629,
    "receivedKBytesPerSec" : 5.9219355926962916,
    "sentKBytesPerSec" : 0.769522641802909
  },
  "Admin - User List" : {
    "transaction" : "Admin - User List",
    "sampleCount" : 6568,
    "errorCount" : 4964,
    "errorPct" : 75.57856,
    "meanResTime" : 152.44777710109636,
    "medianResTime" : 86.0,
    "minResTime" : 2.0,
    "maxResTime" : 10006.0,
    "pct1ResTime" : 165.0,
    "pct2ResTime" : 176.0,
    "pct3ResTime" : 191.0,
    "throughput" : 0.3650730276676775,
    "receivedKBytesPerSec" : 0.7568333985132001,
    "sentKBytesPerSec" : 0.3459938513917659
  },
  "Admin - Login" : {
    "transaction" : "Admin - Login",
    "sampleCount" : 658,
    "errorCount" : 497,
    "errorPct" : 75.53191,
    "meanResTime" : 161.64589665653486,
    "medianResTime" : 85.5,
    "minResTime" : 5.0,
    "maxResTime" : 10006.0,
    "pct1ResTime" : 163.10000000000002,
    "pct2ResTime" : 178.04999999999995,
    "pct3ResTime" : 193.2299999999999,
    "throughput" : 0.036592316603396624,
    "receivedKBytesPerSec" : 0.3499107690381398,
    "sentKBytesPerSec" : 0.05302543791284878
  },
  "Anonymous - Open Random Page" : {
    "transaction" : "Anonymous - Open Random Page",
    "sampleCount" : 3602,
    "errorCount" : 2,
    "errorPct" : 0.055524707,
    "meanResTime" : 18.42198778456414,
    "medianResTime" : 10.0,
    "minResTime" : 6.0,
    "maxResTime" : 10002.0,
    "pct1ResTime" : 24.0,
    "pct2ResTime" : 29.0,
    "pct3ResTime" : 40.0,
    "throughput" : 0.8974008262465575,
    "receivedKBytesPerSec" : 23.21047908508902,
    "sentKBytesPerSec" : 0.432782728596791
  },
  "Admin - LogOut" : {
    "transaction" : "Admin - LogOut",
    "sampleCount" : 656,
    "errorCount" : 496,
    "errorPct" : 75.60976,
    "meanResTime" : 149.5426829268294,
    "medianResTime" : 83.0,
    "minResTime" : 3.0,
    "maxResTime" : 13002.0,
    "pct1ResTime" : 165.0,
    "pct2ResTime" : 176.0,
    "pct3ResTime" : 191.7199999999998,
    "throughput" : 0.0365844715091457,
    "receivedKBytesPerSec" : 0.24583715481770366,
    "sentKBytesPerSec" : 0.0369295422674732
  },
  "Editor -  Get Post Content" : {
    "transaction" : "Editor -  Get Post Content",
    "sampleCount" : 570,
    "errorCount" : 0,
    "errorPct" : 0.0,
    "meanResTime" : 4.292982456140352,
    "medianResTime" : 4.0,
    "minResTime" : 2.0,
    "maxResTime" : 45.0,
    "pct1ResTime" : 7.0,
    "pct2ResTime" : 8.0,
    "pct3ResTime" : 11.86999999999989,
    "throughput" : 0.14276554391167573,
    "receivedKBytesPerSec" : 0.11084949059938987,
    "sentKBytesPerSec" : 0.18542790371340695
  },
  "Anonymous - Open Random Date" : {
    "transaction" : "Anonymous - Open Random Date",
    "sampleCount" : 7554,
    "errorCount" : 6567,
    "errorPct" : 86.934074,
    "meanResTime" : 173.6979083929043,
    "medianResTime" : 100.0,
    "minResTime" : 0.0,
    "maxResTime" : 19004.0,
    "pct1ResTime" : 166.0,
    "pct2ResTime" : 178.0,
    "pct3ResTime" : 191.0,
    "throughput" : 0.42000642853365994,
    "receivedKBytesPerSec" : 1.5108443136799443,
    "sentKBytesPerSec" : 0.20749782382987705
  },
  "Editor - Open Page by Predefined Date" : {
    "transaction" : "Editor - Open Page by Predefined Date",
    "sampleCount" : 9021,
    "errorCount" : 8080,
    "errorPct" : 89.56879,
    "meanResTime" : 179.03868750692726,
    "medianResTime" : 104.0,
    "minResTime" : 0.0,
    "maxResTime" : 10021.0,
    "pct1ResTime" : 168.0,
    "pct2ResTime" : 179.0,
    "pct3ResTime" : 192.0,
    "throughput" : 0.5013138858444763,
    "receivedKBytesPerSec" : 1.8205034796954818,
    "sentKBytesPerSec" : 0.5935391029971357
  },
  "Anonymous - Open First Post" : {
    "transaction" : "Anonymous - Open First Post",
    "sampleCount" : 4922,
    "errorCount" : 1,
    "errorPct" : 0.020316944,
    "meanResTime" : 42.34681023974002,
    "medianResTime" : 35.0,
    "minResTime" : 7.0,
    "maxResTime" : 10002.0,
    "pct1ResTime" : 60.0,
    "pct2ResTime" : 69.0,
    "pct3ResTime" : 84.0,
    "throughput" : 1.2259108029093089,
    "receivedKBytesPerSec" : 28.61939065483363,
    "sentKBytesPerSec" : 0.5238054915642044
  },
  "Admin - Delete User" : {
    "transaction" : "Admin - Delete User",
    "sampleCount" : 824,
    "errorCount" : 1,
    "errorPct" : 0.12135922,
    "meanResTime" : 18.61650485436893,
    "medianResTime" : 5.0,
    "minResTime" : 2.0,
    "maxResTime" : 10001.0,
    "pct1ResTime" : 12.0,
    "pct2ResTime" : 13.0,
    "pct3ResTime" : 19.75,
    "throughput" : 0.20535707832702765,
    "receivedKBytesPerSec" : 0.03707873995364014,