{
  "GeneratePost" : {
    "transaction" : "GeneratePost",
    "sampleCount" : 100,
    "errorCount" : 14,
    "errorPct" : 14.0,
    "meanResTime" : 102.35000000000002,
    "medianResTime" : 109.0,
    "minResTime" : 23.0,
    "maxResTime" : 133.0,
    "pct1ResTime" : 124.0,
    "pct2ResTime" : 126.94999999999999,
    "pct3ResTime" : 132.98,
    "throughput" : 0.9689077502930945,
    "receivedKBytesPerSec" : 0.7169160392988984,
    "sentKBytesPerSec" : 1.5564973137032623
  },
  "Total" : {
    "transaction" : "Total",
    "sampleCount" : 106,
    "errorCount" : 14,
    "errorPct" : 13.207547,
    "meanResTime" : 102.29245283018867,
    "medianResTime" : 109.0,
    "minResTime" : 23.0,
    "maxResTime" : 160.0,
    "pct1ResTime" : 124.0,
    "pct2ResTime" : 127.0,
    "pct3ResTime" : 159.2299999999999,
    "throughput" : 1.0255417956656347,
    "receivedKBytesPerSec" : 2.2919173580205108,
    "sentKBytesPerSec" : 1.647042194756192
  },
  "Login" : {
    "transaction" : "Login",
    "sampleCount" : 2,
    "errorCount" : 0,
    "errorPct" : 0.0,
    "meanResTime" : 154.5,
    "medianResTime" : 154.5,
    "minResTime" : 149.0,
    "maxResTime" : 160.0,
    "pct1ResTime" : 160.0,
    "pct2ResTime" : 160.0,
    "pct3ResTime" : 160.0,
    "throughput" : 12.5,
    "receivedKBytesPerSec" : 509.063720703125,
    "sentKBytesPerSec" : 29.98046875
  },
  "Login-0" : {
    "transaction" : "Login-0",
    "sampleCount" : 2,
    "errorCount" : 0,
    "errorPct" : 0.0,
    "meanResTime" : 68.0,
    "medianResTime" : 68.0,
    "minResTime" : 68.0,
    "maxResTime" : 68.0,
    "pct1ResTime" : 68.0,
    "pct2ResTime" : 68.0,
    "pct3ResTime" : 68.0,
    "throughput" : 29.41176470588235,
    "receivedKBytesPerSec" : 34.69669117647059,
    "sentKBytesPerSec" : 33.174402573529406
  },
  "Login-1" : {
    "transaction" : "Login-1",
    "sampleCount" : 2,
    "errorCount" : 0,
    "errorPct" : 0.0,
    "meanResTime" : 81.5,
    "medianResTime" : 81.5,
    "minResTime" : 76.0,
    "maxResTime" : 87.0,
    "pct1ResTime" : 87.0,
    "pct2ResTime" : 87.0,
    "pct3ResTime" : 87.0,
    "throughput" : 22.988505747126435,
    "receivedKBytesPerSec" : 909.0898886494253,
    "sentKBytesPerSec" : 29.20707614942529
  }
}