{
  "Anonymous - Open Contacts" : {
    "transaction" : "Anonymous - Open Contacts",
    "sampleCount" : 152,
    "errorCount" : 0,
    "errorPct" : 0.0,
    "meanResTime" : 15.769736842105255,
    "medianResTime" : 7.0,
    "minResTime" : 5.0,
    "maxResTime" : 606.0,
    "pct1ResTime" : 15.0,
    "pct2ResTime" : 42.2999999999999,
    "pct3ResTime" : 364.3199999999995,
    "throughput" : 0.22652183178667606,
    "receivedKBytesPerSec" : 4.406227145232535,
    "sentKBytesPerSec" : 0.11023670506857501
  },
  "Comment" : {
    "transaction" : "Comment",
    "sampleCount" : 483,
    "errorCount" : 0,
    "errorPct" : 0.0,
    "meanResTime" : 25.594202898550726,
    "medianResTime" : 14.0,
    "minResTime" : 5.0,
    "maxResTime" : 1271.0,
    "pct1ResTime" : 28.600000000000023,
    "pct2ResTime" : 53.99999999999977,
    "pct3ResTime" : 473.4799999999967,
    "throughput" : 0.6900936555675413,
    "receivedKBytesPerSec" : 1.6416681103149713,
    "sentKBytesPerSec" : 1.5799800508640458
  },
  "Editor - Login" : {
    "transaction" : "Editor - Login",
    "sampleCount" : 185,
    "errorCount" : 0,
    "errorPct" : 0.0,
    "meanResTime" : 25.12432432432433,
    "medianResTime" : 15.0,
    "minResTime" : 12.0,
    "maxResTime" : 513.0,
    "pct1ResTime" : 28.0,
    "pct2ResTime" : 37.0,
    "pct3ResTime" : 414.09999999999843,
    "throughput" : 0.2582547285044818,
    "receivedKBytesPerSec" : 7.650413257733334,
    "sentKBytesPerSec" : 0.8121255088316137
  },
  "Anonymous - Open Predefined Date" : {
    "transaction" : "Anonymous - Open Predefined Date",
    "sampleCount" : 892,
    "errorCount" : 0,
    "errorPct" : 0.0,
    "meanResTime" : 17.860986547085197,
    "medianResTime" : 8.0,
    "minResTime" : 0.0,
    "maxResTime" : 906.0,
    "pct1ResTime" : 16.0,
    "pct2ResTime" : 26.0,
    "pct3ResTime" : 426.7299999999975,
    "throughput" : 1.2510097836818956,
    "receivedKBytesPerSec" : 32.559401598859225,
    "sentKBytesPerSec" : 0.6144275122576519
  },
  "Anonymous - Search by Name" : {
    "transaction" : "Anonymous - Search by Name",
    "sampleCount" : 879,
    "errorCount" : 0,
    "errorPct" : 0.0,
    "meanResTime" : 14.99317406143346,
    "medianResTime" : 8.0,
    "minResTime" : 0.0,
    "maxResTime" : 1293.0,
    "pct1ResTime" : 15.0,
    "pct2ResTime" : 22.0,
    "pct3ResTime" : 78.00000000000023,
    "throughput" : 1.2441736860803998,
    "receivedKBytesPerSec" : 32.248512912105994,
    "sentKBytesPerSec" : 0.5931946822190736
  },
  "Admin- Open Login Page" : {
    "transaction" : "Admin- Open Login Page",
    "sampleCount" : 159,
    "errorCount" : 0,
    "errorPct" : 0.0,
    "meanResTime" : 8.867924528301888,
    "medianResTime" : 5.0,
    "minResTime" : 2.0,
    "maxResTime" : 157.0,
    "pct1ResTime" : 17.0,
    "pct2ResTime" : 29.0,
    "pct3ResTime" : 115.0000000000004,
    "throughput" : 0.22234434846813136,
    "receivedKBytesPerSec" : 0.9864359131745319,
    "sentKBytesPerSec" : 0.1003155165940202
  },
  "Open Random Page" : {
    "transaction" : "Open Random Page",
    "sampleCount" : 1077,
    "errorCount" : 0,
    "errorPct" : 0.0,
    "meanResTime" : 16.45961002785517,
    "medianResTime" : 9.0,
    "minResTime" : 6.0,
    "maxResTime" : 1292.0,
    "pct1ResTime" : 18.0,
    "pct2ResTime" : 27.0,
    "pct3ResTime" : 180.92000000000098,
    "throughput" : 1.5152623640906737,
    "receivedKBytesPerSec" : 39.24454065443999,
    "sentKBytesPerSec" : 0.7246356779743882
  },
  "Editor - Edit Post" : {
    "transaction" : "Editor - Edit Post",
    "sampleCount" : 102,
    "errorCount" : 0,
    "errorPct" : 0.0,
    "meanResTime" : 5.029411764705879,
    "medianResTime" : 3.0,
    "minResTime" : 0.0,
    "maxResTime" : 26.0,
    "pct1ResTime" : 12.700000000000003,
    "pct2ResTime" : 14.0,
    "pct3ResTime" : 25.97,
    "throughput" : 0.14368544719982418,
    "receivedKBytesPerSec" : 0.025287472143336095,
    "sentKBytesPerSec" : 0.27505869356824497
  },
  "Anonymous - Open Home page" : {
    "transaction" : "Anonymous - Open Home page",
    "sampleCount" : 4616,
    "errorCount" : 0,
    "errorPct" : 0.0,
    "meanResTime" : 20.822790294627403,
    "medianResTime" : 11.0,
    "minResTime" : 0.0,
    "maxResTime" : 1429.0,
    "pct1ResTime" : 22.0,
    "pct2ResTime" : 33.0,
    "pct3ResTime" : 210.91999999999825,
    "throughput" : 6.410817281985687,
    "receivedKBytesPerSec" : 162.57421507720827,
    "sentKBytesPerSec" : 3.120329532639476
  },
  "Admin - Login" : {
    "transaction" : "Admin - Login",
    "sampleCount" : 159,
    "errorCount" : 0,
    "errorPct" : 0.0,
    "meanResTime" : 26.125786163522008,
    "medianResTime" : 16.0,
    "minResTime" : 12.0,
    "maxResTime" : 1219.0,
    "pct1ResTime" : 26.0,
    "pct2ResTime" : 35.0,
    "pct3ResTime" : 539.8000000000064,
    "throughput" : 0.22239006377979187,
    "receivedKBytesPerSec" : 8.340460589578438,
    "sentKBytesPerSec" : 0.5330663166470851
  },
  "Open First Post" : {
    "transaction" : "Open First Post",
    "sampleCount" : 1461,
    "errorCount" : 0,
    "errorPct" : 0.0,
    "meanResTime" : 17.763860369609837,
    "medianResTime" : 9.0,
    "minResTime" : 7.0,
    "maxResTime" : 1466.0,
    "pct1ResTime" : 19.0,
    "pct2ResTime" : 27.0,
    "pct3ResTime" : 80.75999999999976,
    "throughput" : 2.043382364253536,
    "receivedKBytesPerSec" : 47.78601725843402,
    "sentKBytesPerSec" : 0.8630585581671658
  },
  "Admin - LogOut" : {
    "transaction" : "Admin - LogOut",
    "sampleCount" : 157,
    "errorCount" : 0,
    "errorPct" : 0.0,
    "meanResTime" : 23.681528662420387,
    "medianResTime" : 12.0,
    "minResTime" : 10.0,
    "maxResTime" : 696.0,
    "pct1ResTime" : 28.60000000000005,
    "pct2ResTime" : 48.69999999999996,
    "pct3ResTime" : 510.399999999996,
    "throughput" : 0.22300154396610375,
    "receivedKBytesPerSec" : 5.79256941455703,
    "sentKBytesPerSec" : 0.36041753443740404
  },
  "Get Post Content" : {
    "transaction" : "Get Post Content",
    "sampleCount" : 102,
    "errorCount" : 0,
    "errorPct" : 0.0,
    "meanResTime" : 6.431372549019605,
    "medianResTime" : 3.0,
    "minResTime" : 1.0,
    "maxResTime" : 248.0,
    "pct1ResTime" : 7.700000000000003,
    "pct2ResTime" : 11.699999999999989,
    "pct3ResTime" : 241.60999999999976,
    "throughput" : 0.14361747064289937,
    "receivedKBytesPerSec" : 0.11221077403832615,
    "sentKBytesPerSec" : 0.18653441011235955
  },
  "Anonymous - Open Random Date" : {
    "transaction" : "Anonymous - Open Random Date",
    "sampleCount" : 304,
    "errorCount" : 0,
    "errorPct" : 0.0,
    "meanResTime" : 10.101973684210522,
    "medianResTime" : 7.0,
    "minResTime" : 5.0,
    "maxResTime" : 156.0,
    "pct1ResTime" : 15.0,
    "pct2ResTime" : 21.75,
    "pct3ResTime" : 71.0999999999998,
    "throughput" : 0.43249518422303096,
    "receivedKBytesPerSec" : 10.370081256455418,
    "sentKBytesPerSec" : 0.21273256841675464
  },
  "Editor - Open Page by Predefined Date" : {
    "transaction" : "Editor - Open Page by Predefined Date",
    "sampleCount" : 185,
    "errorCount" : 0,
    "errorPct" : 0.0,
    "meanResTime" : 12.529729729729723,
    "medianResTime" : 9.0,
    "minResTime" : 0.0,
    "maxResTime" : 114.0,
    "pct1ResTime" : 20.0,
    "pct2ResTime" : 31.399999999999977,
    "pct3ResTime" : 79.59999999999945,
    "throughput" : 0.258087557250098,
    "receivedKBytesPerSec" : 7.850811234150284,
    "sentKBytesPerSec" : 0.3063263886854415
  },
  "Open Random Post" : {
    "transaction" : "Open Random Post",
    "sampleCount" : 958,
    "errorCount" : 0,
    "errorPct" : 0.0,
    "meanResTime" : 19.241127348643012,
    "medianResTime" : 9.0,
    "minResTime" : 6.0,
    "maxResTime" : 1401.0,
    "pct1ResTime" : 19.0,
    "pct2ResTime" : 27.049999999999955,
    "pct3ResTime" : 231.56999999999755,
    "throughput" : 1.3503265873385035,
    "receivedKBytesPerSec" : 31.581810020378235,
    "sentKBytesPerSec" : 0.5717846955880405
  },