{
  "Anonymous - Open Contacts" : {
    "transaction" : "Anonymous - Open Contacts",
    "sampleCount" : 64,
    "errorCount" : 0,
    "errorPct" : 0.0,
    "meanResTime" : 32.109374999999986,
    "medianResTime" : 12.0,
    "minResTime" : 10.0,
    "maxResTime" : 406.0,
    "pct1ResTime" : 64.0,
    "pct2ResTime" : 108.5,
    "pct3ResTime" : 406.0,
    "throughput" : 0.5342147877330929,
    "receivedKBytesPerSec" : 10.389823873453699,
    "sentKBytesPerSec" : 0.2583527142702125
  },
  "Editor - Login" : {
    "transaction" : "Editor - Login",
    "sampleCount" : 2,
    "errorCount" : 0,
    "errorPct" : 0.0,
    "meanResTime" : 53.0,
    "medianResTime" : 53.0,
    "minResTime" : 35.0,
    "maxResTime" : 71.0,
    "pct1ResTime" : 71.0,
    "pct2ResTime" : 71.0,
    "pct3ResTime" : 71.0,
    "throughput" : 2.5839793281653747,
    "receivedKBytesPerSec" : 80.58028504521964,
    "sentKBytesPerSec" : 6.222747093023256
  },
  "Anonymous - Open Predefined Date" : {
    "transaction" : "Anonymous - Open Predefined Date",
    "sampleCount" : 416,
    "errorCount" : 0,
    "errorPct" : 0.0,
    "meanResTime" : 37.478365384615394,
    "medianResTime" : 16.0,
    "minResTime" : 12.0,
    "maxResTime" : 713.0,
    "pct1ResTime" : 69.0,
    "pct2ResTime" : 130.44999999999993,
    "pct3ResTime" : 522.9499999999989,
    "throughput" : 2.086844851111646,
    "receivedKBytesPerSec" : 54.52769360847329,
    "sentKBytesPerSec" : 1.022641373078698
  },
  "Anonymous - Search by Name" : {
    "transaction" : "Anonymous - Search by Name",
    "sampleCount" : 384,
    "errorCount" : 0,
    "errorPct" : 0.0,
    "meanResTime" : 34.73958333333335,
    "medianResTime" : 16.0,
    "minResTime" : 13.0,
    "maxResTime" : 1144.0,
    "pct1ResTime" : 46.5,
    "pct2ResTime" : 82.75,
    "pct3ResTime" : 526.9499999999997,
    "throughput" : 2.0692330904858385,
    "receivedKBytesPerSec" : 53.75883524472454,
    "sentKBytesPerSec" : 0.9819300785123076
  },
  "Admin- Open Login Page" : {
    "transaction" : "Admin- Open Login Page",
    "sampleCount" : 2,
    "errorCount" : 0,
    "errorPct" : 0.0,
    "meanResTime" : 357.0,
    "medianResTime" : 357.0,
    "minResTime" : 7.0,
    "maxResTime" : 707.0,
    "pct1ResTime" : 707.0,
    "pct2ResTime" : 707.0,
    "pct3ResTime" : 707.0,
    "throughput" : 0.8492569002123143,
    "receivedKBytesPerSec" : 3.767748142250531,
    "sentKBytesPerSec" : 0.3831608280254777
  },
  "Editor - Edit Post" : {
    "transaction" : "Editor - Edit Post",
    "sampleCount" : 100,
    "errorCount" : 0,
    "errorPct" : 0.0,
    "meanResTime" : 12.299999999999999,
    "medianResTime" : 4.5,
    "minResTime" : 3.0,
    "maxResTime" : 109.0,
    "pct1ResTime" : 36.80000000000001,
    "pct2ResTime" : 65.84999999999997,
    "pct3ResTime" : 108.86999999999993,
    "throughput" : 0.3212211543403402,
    "receivedKBytesPerSec" : 0.057092041103458904,
    "sentKBytesPerSec" : 0.6213935396804492
  },
  "Anonymous - Open Home page" : {
    "transaction" : "Anonymous - Open Home page",
    "sampleCount" : 512,
    "errorCount" : 0,
    "errorPct" : 0.0,
    "meanResTime" : 36.824218750000014,
    "medianResTime" : 18.0,
    "minResTime" : 14.0,
    "maxResTime" : 1184.0,
    "pct1ResTime" : 54.69999999999999,
    "pct2ResTime" : 109.39999999999986,
    "pct3ResTime" : 458.87,
    "throughput" : 2.5274963963430284,
    "receivedKBytesPerSec" : 64.42049771192465,
    "sentKBytesPerSec" : 1.2184518035562664
  },
  "Admin - User List" : {
    "transaction" : "Admin - User List",
    "sampleCount" : 20,
    "errorCount" : 0,
    "errorPct" : 0.0,
    "meanResTime" : 40.05,
    "medianResTime" : 7.5,
    "minResTime" : 6.0,
    "maxResTime" : 362.0,
    "pct1ResTime" : 214.80000000000044,
    "pct2ResTime" : 355.6499999999999,
    "pct3ResTime" : 362.0,
    "throughput" : 0.4678909814013335,
    "receivedKBytesPerSec" : 3.1481889329161308,
    "sentKBytesPerSec" : 0.5798375540998948
  },
  "Admin - Login" : {
    "transaction" : "Admin - Login",
    "sampleCount" : 2,
    "errorCount" : 0,
    "errorPct" : 0.0,
    "meanResTime" : 32.0,
    "medianResTime" : 32.0,
    "minResTime" : 30.0,
    "maxResTime" : 34.0,
    "pct1ResTime" : 34.0,
    "pct2ResTime" : 34.0,
    "pct3ResTime" : 34.0,
    "throughput" : 1.29366106080207,
    "receivedKBytesPerSec" : 48.43143596377749,
    "sentKBytesPerSec" : 3.1052918822768434
  },
  "Anonymous - Open Random Page" : {
    "transaction" : "Anonymous - Open Random Page",
    "sampleCount" : 497,
    "errorCount" : 0,
    "errorPct" : 0.0,
    "meanResTime" : 38.66197183098596,
    "medianResTime" : 17.0,
    "minResTime" : 12.0,
    "maxResTime" : 821.0,
    "pct1ResTime" : 58.0,
    "pct2ResTime" : 124.19999999999993,
    "pct3ResTime" : 478.39999999999964,
    "throughput" : 2.4697124797503456,
    "receivedKBytesPerSec" : 63.9971389598386,
    "sentKBytesPerSec" : 1.1691448294432463
  },
  "Admin - LogOut" : {
    "transaction" : "Admin - LogOut",
    "sampleCount" : 2,
    "errorCount" : 0,
    "errorPct" : 0.0,
    "meanResTime" : 21.0,
    "medianResTime" : 21.0,
    "minResTime" : 21.0,
    "maxResTime" : 21.0,
    "pct1ResTime" : 21.0,
    "pct2ResTime" : 21.0,
    "pct3ResTime" : 21.0,
    "throughput" : 2.6954177897574128,
    "receivedKBytesPerSec" : 70.1019204851752,
    "sentKBytesPerSec" : 4.3563637129380055
  },
  "Editor -  Get Post Content" : {
    "transaction" : "Editor -  Get Post Content",
    "sampleCount" : 100,
    "errorCount" : 0,
    "errorPct" : 0.0,
    "meanResTime" : 10.1,
    "medianResTime" : 4.0,
    "minResTime" : 2.0,
    "maxResTime" : 107.0,
    "pct1ResTime" : 26.700000000000017,
    "pct2ResTime" : 37.74999999999994,
    "pct3ResTime" : 106.88999999999994,
    "throughput" : 0.32112934768995605,
    "receivedKBytesPerSec" : 0.24999480673633032,
    "sentKBytesPerSec" : 0.41709182854261867
  },
  "Anonymous - Open Random Date" : {
    "transaction" : "Anonymous - Open Random Date",
    "sampleCount" : 128,
    "errorCount" : 0,
    "errorPct" : 0.0,
    "meanResTime" : 39.71875,
    "medianResTime" : 15.0,
    "minResTime" : 9.0,
    "maxResTime" : 916.0,
    "pct1ResTime" : 59.70000000000006,
    "pct2ResTime" : 91.64999999999999,
    "pct3ResTime" : 855.9699999999987,
    "throughput" : 0.7885755122660457,
    "receivedKBytesPerSec" : 18.703465910666097,
    "sentKBytesPerSec" : 0.383795235278897
  },
  "Anonymous - Open First Post" : {
    "transaction" : "Anonymous - Open First Post",
    "sampleCount" : 667,
    "errorCount" : 0,
    "errorPct" : 0.0,
    "meanResTime" : 33.18290854572711,
    "medianResTime" : 16.0,
    "minResTime" : 12.0,
    "maxResTime" : 1051.0,
    "pct1ResTime" : 50.600000000000136,
    "pct2ResTime" : 92.80000000000007,
    "pct3ResTime" : 433.2800000000002,
    "throughput" : 3.280300981139499,
    "receivedKBytesPerSec" : 76.78767105392579,
    "sentKBytesPerSec" : 1.3744972505348316
  },
  "Editor - Open Page by Predefined Date" : {
    "transaction" : "Editor - Open Page by Predefined Date",
    "sampleCount" : 100,
    "errorCount" : 0,
    "errorPct" : 0.0,
    "meanResTime" : 33.490000000000016,
    "medianResTime" : 18.0,
    "minResTime" : 15.0,
    "maxResTime" : 515.0,
    "pct1ResTime" : 59.80000000000001,
    "pct2ResTime" : 73.89999999999998,
    "pct3ResTime" : 513.1899999999991,
    "throughput" : 0.3209644339310761,
    "receivedKBytesPerSec" : 9.808638622332385,
    "sentKBytesPerSec" : 0.3830259162732178
  },
  "Admin - Add User" : {
    "transaction" : "Admin - Add User",
    "sampleCount" : 10,
    "errorCount" : 0,
    "errorPct" : 0.0,
    "meanResTime" : 8.6,
    "medianResTime" : 8.0,
    "minResTime" : 5.0,
    "maxResTime" : 14.0,
    "pct1ResTime" : 13.9,
    "pct2ResTime" : 14.0,
    "pct3ResTime" : 14.0,
    "throughput" : 0.2746875429199286,
    "receivedKBytesPerSec" : 0.13112038181568467,
    "sentKBytesPerSec" : 0.4125141635764318
  },
  "Admin - Delete User" : {
    "transaction" : "Admin - Delete User",
    "sampleCount" : 10,