{
  "GeneratePost" : {
    "transaction" : "GeneratePost",
    "sampleCount" : 2000,
    "errorCount" : 0,
    "errorPct" : 0.0,
    "meanResTime" : 96.3995,
    "medianResTime" : 96.0,
    "minResTime" : 47.0,
    "maxResTime" : 1081.0,
    "pct1ResTime" : 122.0,
    "pct2ResTime" : 130.0,
    "pct3ResTime" : 168.91000000000008,
    "throughput" : 0.954226699453896,
    "receivedKBytesPerSec" : 0.7781010518918021,
    "sentKBytesPerSec" : 1.5329130084000575
  },
  "Total" : {
    "transaction" : "Total",
    "sampleCount" : 2006,
    "errorCount" : 0,
    "errorPct" : 0.0,
    "meanResTime" : 101.983549351944,
    "medianResTime" : 96.0,
    "minResTime" : 47.0,
    "maxResTime" : 2953.0,
    "pct1ResTime" : 122.0,
    "pct2ResTime" : 131.0,
    "pct3ResTime" : 206.37000000000057,
    "throughput" : 0.9557432738256888,
    "receivedKBytesPerSec" : 0.8331114898827476,
    "sentKBytesPerSec" : 1.535327899508788
  },
  "Login" : {
    "transaction" : "Login",
    "sampleCount" : 2,
    "errorCount" : 0,
    "errorPct" : 0.0,
    "meanResTime" : 2949.0,
    "medianResTime" : 2949.0,
    "minResTime" : 2945.0,
    "maxResTime" : 2953.0,
    "pct1ResTime" : 2953.0,
    "pct2ResTime" : 2953.0,
    "pct3ResTime" : 2953.0,
    "throughput" : 0.6772773450728073,
    "receivedKBytesPerSec" : 19.93867465289536,
    "sentKBytesPerSec" : 1.6244073823230614
  },
  "Login-0" : {
    "transaction" : "Login-0",
    "sampleCount" : 2,
    "errorCount" : 0,
    "errorPct" : 0.0,
    "meanResTime" : 1169.0,
    "medianResTime" : 1169.0,
    "minResTime" : 1169.0,
    "maxResTime" : 1169.0,
    "pct1ResTime" : 1169.0,
    "pct2ResTime" : 1169.0,
    "pct3ResTime" : 1169.0,
    "throughput" : 1.7108639863130881,
    "receivedKBytesPerSec" : 2.018284858853721,
    "sentKBytesPerSec" : 1.9297342814371257
  },
  "Login-1" : {
    "transaction" : "Login-1",
    "sampleCount" : 2,
    "errorCount" : 0,
    "errorPct" : 0.0,
    "meanResTime" : 1772.0,
    "medianResTime" : 1772.0,
    "minResTime" : 1768.0,
    "maxResTime" : 1776.0,
    "pct1ResTime" : 1776.0,
    "pct2ResTime" : 1776.0,
    "pct3ResTime" : 1776.0,
    "throughput" : 1.1261261261261262,
    "receivedKBytesPerSec" : 31.824060388513512,
    "sentKBytesPerSec" : 1.4307520411036037
  }
}