{
  "Open Random Post" : {
    "transaction" : "Open Random Post",
    "sampleCount" : 100,
    "errorCount" : 0,
    "errorPct" : 0.0,
    "meanResTime" : 20.320000000000007,
    "medianResTime" : 21.0,
    "minResTime" : 5.0,
    "maxResTime" : 24.0,
    "pct1ResTime" : 22.0,
    "pct2ResTime" : 23.0,
    "pct3ResTime" : 24.0,
    "throughput" : 0.29984917586454013,
    "receivedKBytesPerSec" : 7.502507488733167,
    "sentKBytesPerSec" : 0.3525423977364386
  },
  "Open Login Page" : {
    "transaction" : "Open Login Page",
    "sampleCount" : 2,
    "errorCount" : 0,
    "errorPct" : 0.0,
    "meanResTime" : 45.0,
    "medianResTime" : 45.0,
    "minResTime" : 10.0,
    "maxResTime" : 80.0,
    "pct1ResTime" : 80.0,
    "pct2ResTime" : 80.0,
    "pct3ResTime" : 80.0,
    "throughput" : 0.19916351324437362,
    "receivedKBytesPerSec" : 0.8835935944035053,
    "sentKBytesPerSec" : 0.08985697570205138
  },
  "Open Page by Predefined Date" : {
    "transaction" : "Open Page by Predefined Date",
    "sampleCount" : 100,
    "errorCount" : 0,
    "errorPct" : 0.0,
    "meanResTime" : 19.249999999999996,
    "medianResTime" : 20.0,
    "minResTime" : 6.0,
    "maxResTime" : 28.0,
    "pct1ResTime" : 22.0,
    "pct2ResTime" : 23.94999999999999,
    "pct3ResTime" : 27.989999999999995,
    "throughput" : 0.30065241574216045,
    "receivedKBytesPerSec" : 8.098384040242326,
    "sentKBytesPerSec" : 0.3587863789423048
  },
  "Edit Post" : {
    "transaction" : "Edit Post",
    "sampleCount" : 41,
    "errorCount" : 0,
    "errorPct" : 0.0,
    "meanResTime" : 5.731707317073171,
    "medianResTime" : 6.0,
    "minResTime" : 2.0,
    "maxResTime" : 11.0,
    "pct1ResTime" : 7.0,
    "pct2ResTime" : 9.0,
    "pct3ResTime" : 11.0,
    "throughput" : 0.12978503167071323,
    "receivedKBytesPerSec" : 0.023067261488349422,
    "sentKBytesPerSec" : 0.24814153671017106
  },
  "Total" : {
    "transaction" : "Total",
    "sampleCount" : 43,
    "errorCount" : 0,
    "errorPct" : 0.0,
    "meanResTime" : 8.23255813953488,
    "medianResTime" : 6.0,
    "minResTime" : 3.0,
    "maxResTime" : 80.0,
    "pct1ResTime" : 10.0,
    "pct2ResTime" : 13.399999999999991,
    "pct3ResTime" : 80.0,
    "throughput" : 0.13086734616239115,
    "receivedKBytesPerSec" : 0.12227501563560444,
    "sentKBytesPerSec" : 0.16335235918825725
  },
  "Login" : {
    "transaction" : "Login",
    "sampleCount" : 2,
    "errorCount" : 0,
    "errorPct" : 0.0,
    "meanResTime" : 35.0,
    "medianResTime" : 35.0,
    "minResTime" : 20.0,
    "maxResTime" : 50.0,
    "pct1ResTime" : 50.0,
    "pct2ResTime" : 50.0,
    "pct3ResTime" : 50.0,
    "throughput" : 0.20267531414673692,
    "receivedKBytesPerSec" : 6.065810891264694,
    "sentKBytesPerSec" : 0.4876874746655857
  },
  "Get Post Content" : {
    "transaction" : "Get Post Content",
    "sampleCount" : 41,
    "errorCount" : 0,
    "errorPct" : 0.0,
    "meanResTime" : 6.439024390243902,
    "medianResTime" : 6.0,
    "minResTime" : 3.0,
    "maxResTime" : 14.0,
    "pct1ResTime" : 9.800000000000004,
    "pct2ResTime" : 10.899999999999999,
    "pct3ResTime" : 14.0,
    "throughput" : 0.1294036700143291,
    "receivedKBytesPerSec" : 0.09880036781415108,
    "sentKBytesPerSec" : 0.16655667683484934
  }
}