{
  "Anonymous - Open Contacts" : {
    "transaction" : "Anonymous - Open Contacts",
    "sampleCount" : 64,
    "errorCount" : 33,
    "errorPct" : 51.5625,
    "meanResTime" : 5179.578125000001,
    "medianResTime" : 10001.5,
    "minResTime" : 6.0,
    "maxResTime" : 10008.0,
    "pct1ResTime" : 10006.0,
    "pct2ResTime" : 10007.0,
    "pct3ResTime" : 10008.0,
    "throughput" : 0.184850891761138,
    "receivedKBytesPerSec" : 1.9792776102967722,
    "sentKBytesPerSec" : 0.04249517113148964
  },
  "Editor - Login" : {
    "transaction" : "Editor - Login",
    "sampleCount" : 2,
    "errorCount" : 0,
    "errorPct" : 0.0,
    "meanResTime" : 152.5,
    "medianResTime" : 152.5,
    "minResTime" : 45.0,
    "maxResTime" : 260.0,
    "pct1ResTime" : 260.0,
    "pct2ResTime" : 260.0,
    "pct3ResTime" : 260.0,
    "throughput" : 1.229256299938537,
    "receivedKBytesPerSec" : 38.333829517516904,
    "sentKBytesPerSec" : 2.9482944068838353
  },
  "Anonymous - Open Predefined Date" : {
    "transaction" : "Anonymous - Open Predefined Date",
    "sampleCount" : 416,
    "errorCount" : 292,
    "errorPct" : 70.19231,
    "meanResTime" : 5573.149038461535,
    "medianResTime" : 10002.0,
    "minResTime" : 6.0,
    "maxResTime" : 10017.0,
    "pct1ResTime" : 10005.0,
    "pct2ResTime" : 10007.0,
    "pct3ResTime" : 10009.66,
    "throughput" : 0.9773884931300867,
    "receivedKBytesPerSec" : 9.043227469403746,
    "sentKBytesPerSec" : 0.20822827924412157
  },
  "Anonymous - Search by Name" : {
    "transaction" : "Anonymous - Search by Name",
    "sampleCount" : 384,
    "errorCount" : 273,
    "errorPct" : 71.09375,
    "meanResTime" : 6163.174479166665,
    "medianResTime" : 10002.0,
    "minResTime" : 6.0,
    "maxResTime" : 10015.0,
    "pct1ResTime" : 10006.0,
    "pct2ResTime" : 10007.0,
    "pct3ResTime" : 10010.0,
    "throughput" : 0.9195292201961184,
    "receivedKBytesPerSec" : 8.36526610822428,
    "sentKBytesPerSec" : 0.16444685318662372
  },
  "Admin- Open Login Page" : {
    "transaction" : "Admin- Open Login Page",
    "sampleCount" : 2,
    "errorCount" : 0,
    "errorPct" : 0.0,
    "meanResTime" : 164.0,
    "medianResTime" : 164.0,
    "minResTime" : 5.0,
    "maxResTime" : 323.0,
    "pct1ResTime" : 323.0,
    "pct2ResTime" : 323.0,
    "pct3ResTime" : 323.0,
    "throughput" : 0.963855421686747,
    "receivedKBytesPerSec" : 4.276167168674698,
    "sentKBytesPerSec" : 0.43486445783132527
  },
  "Editor - Edit Post" : {
    "transaction" : "Editor - Edit Post",
    "sampleCount" : 20,
    "errorCount" : 1,
    "errorPct" : 5.0,
    "meanResTime" : 530.45,
    "medianResTime" : 5.5,
    "minResTime" : 3.0,
    "maxResTime" : 10011.0,
    "pct1ResTime" : 287.2000000000003,
    "pct2ResTime" : 9525.499999999993,
    "pct3ResTime" : 10011.0,
    "throughput" : 0.26411705667952035,
    "receivedKBytesPerSec" : 0.07766176344355818,
    "sentKBytesPerSec" : 0.48486371972558234
  },
  "Anonymous - Open Home page" : {
    "transaction" : "Anonymous - Open Home page",
    "sampleCount" : 512,
    "errorCount" : 343,
    "errorPct" : 66.99219,
    "meanResTime" : 5198.962890625004,
    "medianResTime" : 10002.0,
    "minResTime" : 7.0,
    "maxResTime" : 10012.0,
    "pct1ResTime" : 10005.0,
    "pct2ResTime" : 10007.0,
    "pct3ResTime" : 10009.87,
    "throughput" : 1.1924280816813235,
    "receivedKBytesPerSec" : 11.673690061274968,
    "sentKBytesPerSec" : 0.26973190455451634
  },
  "Admin - User List" : {
    "transaction" : "Admin - User List",
    "sampleCount" : 20,
    "errorCount" : 0,
    "errorPct" : 0.0,
    "meanResTime" : 106.10000000000001,
    "medianResTime" : 10.5,
    "minResTime" : 4.0,
    "maxResTime" : 1032.0,
    "pct1ResTime" : 709.3000000000013,
    "pct2ResTime" : 1019.0499999999998,
    "pct3ResTime" : 1032.0,
    "throughput" : 0.4436163605713779,
    "receivedKBytesPerSec" : 2.757937786964333,
    "sentKBytesPerSec" : 0.549755040590897
  },
  "Admin - Login" : {
    "transaction" : "Admin - Login",
    "sampleCount" : 2,
    "errorCount" : 0,
    "errorPct" : 0.0,
    "meanResTime" : 54.0,
    "medianResTime" : 54.0,
    "minResTime" : 51.0,
    "maxResTime" : 57.0,
    "pct1ResTime" : 57.0,
    "pct2ResTime" : 57.0,
    "pct3ResTime" : 57.0,
    "throughput" : 1.1799410029498525,
    "receivedKBytesPerSec" : 44.174041297935105,
    "sentKBytesPerSec" : 2.8277101769911503
  },
  "Anonymous - Open Random Page" : {
    "transaction" : "Anonymous - Open Random Page",
    "sampleCount" : 146,
    "errorCount" : 4,
    "errorPct" : 2.739726,
    "meanResTime" : 296.513698630137,
    "medianResTime" : 20.0,
    "minResTime" : 7.0,
    "maxResTime" : 10001.0,
    "pct1ResTime" : 32.30000000000001,
    "pct2ResTime" : 107.70000000000044,
    "pct3ResTime" : 10000.53,
    "throughput" : 2.034304504730455,
    "receivedKBytesPerSec" : 51.3018547353314,
    "sentKBytesPerSec" : 0.9033431042650726
  },
  "Admin - LogOut" : {
    "transaction" : "Admin - LogOut",
    "sampleCount" : 2,
    "errorCount" : 0,
    "errorPct" : 0.0,
    "meanResTime" : 35.0,
    "medianResTime" : 35.0,
    "minResTime" : 34.0,
    "maxResTime" : 36.0,
    "pct1ResTime" : 36.0,
    "pct2ResTime" : 36.0,
    "pct3ResTime" : 36.0,
    "throughput" : 0.5157297576070139,
    "receivedKBytesPerSec" : 13.413002836513666,
    "sentKBytesPerSec" : 0.8335280750386798
  },
  "Editor -  Get Post Content" : {
    "transaction" : "Editor -  Get Post Content",
    "sampleCount" : 20,
    "errorCount" : 1,
    "errorPct" : 5.0,
    "meanResTime" : 508.6,
    "medianResTime" : 5.0,
    "minResTime" : 2.0,
    "maxResTime" : 10000.0,
    "pct1ResTime" : 77.30000000000017,
    "pct2ResTime" : 9504.249999999993,
    "pct3ResTime" : 10000.0,
    "throughput" : 0.2982314872804271,
    "receivedKBytesPerSec" : 0.25879736288807376,
    "sentKBytesPerSec" : 0.3679838712683785
  },
  "Anonymous - Open Random Date" : {
    "transaction" : "Anonymous - Open Random Date",
    "sampleCount" : 128,
    "errorCount" : 86,
    "errorPct" : 67.1875,
    "meanResTime" : 6418.898437499999,
    "medianResTime" : 10003.0,
    "minResTime" : 6.0,
    "maxResTime" : 10013.0,
    "pct1ResTime" : 10007.0,
    "pct2ResTime" : 10008.0,
    "pct3ResTime" : 10012.42,
    "throughput" : 0.3161532058676059,
    "receivedKBytesPerSec" : 2.933508199143175,
    "sentKBytesPerSec" : 0.05359591853621065
  },
  "Anonymous - Open First Post" : {
    "transaction" : "Anonymous - Open First Post",
    "sampleCount" : 193,
    "errorCount" : 9,
    "errorPct" : 4.6632123,
    "meanResTime" : 485.4766839378238,
    "medianResTime" : 20.0,
    "minResTime" : 6.0,
    "maxResTime" : 10002.0,
    "pct1ResTime" : 29.0,
    "pct2ResTime" : 3089.5999999998317,
    "pct3ResTime" : 10002.0,
    "throughput" : 2.6983949443543427,
    "receivedKBytesPerSec" : 60.619075415245234,
    "sentKBytesPerSec" : 1.0300028224791677
  },
  "Editor - Open Page by Predefined Date" : {
    "transaction" : "Editor - Open Page by Predefined Date",
    "sampleCount" : 100,
    "errorCount" : 80,
    "errorPct" : 80.0,
    "meanResTime" : 2955.21,
    "medianResTime" : 115.0,
    "minResTime" : 9.0,
    "maxResTime" : 10009.0,
    "pct1ResTime" : 10004.9,
    "pct2ResTime" : 10005.95,
    "pct3ResTime" : 10008.99,
    "throughput" : 0.20503735780659235,
    "receivedKBytesPerSec" : 1.4544897638943566,
    "sentKBytesPerSec" : 0.17372510974624578
  },
  "Admin - Delete User" : {
    "transaction" : "Admin - Delete User",
    "sampleCount" : 11,
    "errorCount" : 0,
    "errorPct" : 0.0,
    "meanResTime" : 29.27272727272727,
    "medianResTime" : 10.0,
    "minResTime" : 3.0,
    "maxResTime" : 239.0,
    "pct1ResTime" : 194.00000000000017,
    "pct2ResTime" : 239.0,
    "pct3ResTime" : 239.0,
    "throughput" : 0.28606350609835385,
    "receivedKBytesPerSec" : 0.0508433184666996,
    "sentKBytesPerSec" : 0.5285978174654773
  },
  "Admin - Add User" : {
    "transaction" : "Admin - Add User",
    "sampleCount" : 9,