{
  "Anonymous - Open Contacts" : {
    "transaction" : "Anonymous - Open Contacts",
    "sampleCount" : 64,
    "errorCount" : 0,
    "errorPct" : 0.0,
    "meanResTime" : 21.218749999999993,
    "medianResTime" : 16.5,
    "minResTime" : 5.0,
    "maxResTime" : 316.0,
    "pct1ResTime" : 22.0,
    "pct2ResTime" : 25.75,
    "pct3ResTime" : 316.0,
    "throughput" : 0.547312609569419,
    "receivedKBytesPerSec" : 10.645545936310771,
    "sentKBytesPerSec" : 0.2657225435070766
  },
  "Editor - Login" : {
    "transaction" : "Editor - Login",
    "sampleCount" : 2,
    "errorCount" : 0,
    "errorPct" : 0.0,
    "meanResTime" : 32.0,
    "medianResTime" : 32.0,
    "minResTime" : 16.0,
    "maxResTime" : 48.0,
    "pct1ResTime" : 48.0,
    "pct2ResTime" : 48.0,
    "pct3ResTime" : 48.0,
    "throughput" : 40.816326530612244,
    "receivedKBytesPerSec" : 1272.8396045918366,
    "sentKBytesPerSec" : 97.7359693877551
  },
  "Anonymous - Open Predefined Date" : {
    "transaction" : "Anonymous - Open Predefined Date",
    "sampleCount" : 416,
    "errorCount" : 0,
    "errorPct" : 0.0,
    "meanResTime" : 17.637019230769212,
    "medianResTime" : 18.0,
    "minResTime" : 6.0,
    "maxResTime" : 67.0,
    "pct1ResTime" : 24.0,
    "pct2ResTime" : 26.149999999999977,
    "pct3ResTime" : 39.979999999999905,
    "throughput" : 2.1286394105306248,
    "receivedKBytesPerSec" : 55.787987946451416,
    "sentKBytesPerSec" : 1.0437420847618073
  },
  "Anonymous - Search by Name" : {
    "transaction" : "Anonymous - Search by Name",
    "sampleCount" : 384,
    "errorCount" : 0,
    "errorPct" : 0.0,
    "meanResTime" : 19.04427083333334,
    "medianResTime" : 20.0,
    "minResTime" : 7.0,
    "maxResTime" : 94.0,
    "pct1ResTime" : 26.0,
    "pct2ResTime" : 28.0,
    "pct3ResTime" : 36.24999999999966,
    "throughput" : 2.159256406075158,
    "receivedKBytesPerSec" : 56.325365525489346,
    "sentKBytesPerSec" : 1.027713708044917
  },
  "Admin- Open Login Page" : {
    "transaction" : "Admin- Open Login Page",
    "sampleCount" : 2,
    "errorCount" : 0,
    "errorPct" : 0.0,
    "meanResTime" : 96.5,
    "medianResTime" : 96.5,
    "minResTime" : 8.0,
    "maxResTime" : 185.0,
    "pct1ResTime" : 185.0,
    "pct2ResTime" : 185.0,
    "pct3ResTime" : 185.0,
    "throughput" : 3.6166365280289328,
    "receivedKBytesPerSec" : 16.045292721518987,
    "sentKBytesPerSec" : 1.6317246835443036
  },
  "Editor - Edit Post" : {
    "transaction" : "Editor - Edit Post",
    "sampleCount" : 100,
    "errorCount" : 0,
    "errorPct" : 0.0,
    "meanResTime" : 7.639999999999999,
    "medianResTime" : 5.0,
    "minResTime" : 2.0,
    "maxResTime" : 111.0,
    "pct1ResTime" : 8.0,
    "pct2ResTime" : 32.94999999999999,
    "pct3ResTime" : 110.30999999999965,
    "throughput" : 0.32749089575309803,
    "receivedKBytesPerSec" : 0.05820638967486704,
    "sentKBytesPerSec" : 0.6336053349904374
  },
  "Anonymous - Open Home page" : {
    "transaction" : "Anonymous - Open Home page",
    "sampleCount" : 512,
    "errorCount" : 0,
    "errorPct" : 0.0,
    "meanResTime" : 22.148437500000004,
    "medianResTime" : 22.0,
    "minResTime" : 7.0,
    "maxResTime" : 174.0,
    "pct1ResTime" : 31.0,
    "pct2ResTime" : 33.0,
    "pct3ResTime" : 51.22000000000003,
    "throughput" : 2.623085199036836,
    "receivedKBytesPerSec" : 67.03615507646396,
    "sentKBytesPerSec" : 1.2663942824939802
  },
  "Admin - User List" : {
    "transaction" : "Admin - User List",
    "sampleCount" : 20,
    "errorCount" : 0,
    "errorPct" : 0.0,
    "meanResTime" : 47.0,
    "medianResTime" : 11.0,
    "minResTime" : 5.0,
    "maxResTime" : 733.0,
    "pct1ResTime" : 16.900000000000002,
    "pct2ResTime" : 697.1999999999995,
    "pct3ResTime" : 733.0,
    "throughput" : 0.43309729530739083,
    "receivedKBytesPerSec" : 2.6268577505467854,
    "sentKBytesPerSec" : 0.5367192067823037
  },
  "Admin - Login" : {
    "transaction" : "Admin - Login",
    "sampleCount" : 2,
    "errorCount" : 0,
    "errorPct" : 0.0,
    "meanResTime" : 51.5,
    "medianResTime" : 51.5,
    "minResTime" : 19.0,
    "maxResTime" : 84.0,
    "pct1ResTime" : 84.0,
    "pct2ResTime" : 84.0,
    "pct3ResTime" : 84.0,
    "throughput" : 6.7114093959731544,
    "receivedKBytesPerSec" : 251.25838926174498,
    "sentKBytesPerSec" : 16.06412541946309
  },
  "Anonymous - Open Random Page" : {
    "transaction" : "Anonymous - Open Random Page",
    "sampleCount" : 498,
    "errorCount" : 0,
    "errorPct" : 0.0,
    "meanResTime" : 19.757028112449802,
    "medianResTime" : 21.0,
    "minResTime" : 4.0,
    "maxResTime" : 71.0,
    "pct1ResTime" : 30.0,
    "pct2ResTime" : 31.049999999999955,
    "pct3ResTime" : 42.01999999999998,
    "throughput" : 2.5166259020436215,
    "receivedKBytesPerSec" : 65.27171734766328,
    "sentKBytesPerSec" : 1.19481891853308
  },
  "Admin - LogOut" : {
    "transaction" : "Admin - LogOut",
    "sampleCount" : 2,
    "errorCount" : 0,
    "errorPct" : 0.0,
    "meanResTime" : 26.0,
    "medianResTime" : 26.0,
    "minResTime" : 15.0,
    "maxResTime" : 37.0,
    "pct1ResTime" : 37.0,
    "pct2ResTime" : 37.0,
    "pct3ResTime" : 37.0,
    "throughput" : 1.1254924029262803,
    "receivedKBytesPerSec" : 29.27159538548115,
    "sentKBytesPerSec" : 1.8190331316826112
  },
  "Editor -  Get Post Content" : {
    "transaction" : "Editor -  Get Post Content",
    "sampleCount" : 100,
    "errorCount" : 0,
    "errorPct" : 0.0,
    "meanResTime" : 5.070000000000002,
    "medianResTime" : 5.0,
    "minResTime" : 1.0,
    "maxResTime" : 25.0,
    "pct1ResTime" : 6.0,
    "pct2ResTime" : 7.949999999999989,
    "pct3ResTime" : 24.91999999999996,
    "throughput" : 0.32651781807733243,
    "receivedKBytesPerSec" : 0.2542725621771555,
    "sentKBytesPerSec" : 0.42409052543247283
  },
  "Anonymous - Open Random Date" : {
    "transaction" : "Anonymous - Open Random Date",
    "sampleCount" : 128,
    "errorCount" : 0,
    "errorPct" : 0.0,
    "meanResTime" : 17.156249999999993,
    "medianResTime" : 16.0,
    "minResTime" : 5.0,
    "maxResTime" : 88.0,
    "pct1ResTime" : 25.0,
    "pct2ResTime" : 27.0,
    "pct3ResTime" : 75.81999999999974,
    "throughput" : 0.8325365698192485,
    "receivedKBytesPerSec" : 19.88746884085543,
    "sentKBytesPerSec" : 0.40637225848309233
  },
  "Editor - Open Page by Predefined Date" : {
    "transaction" : "Editor - Open Page by Predefined Date",
    "sampleCount" : 100,
    "errorCount" : 0,
    "errorPct" : 0.0,
    "meanResTime" : 22.57000000000001,
    "medianResTime" : 26.0,
    "minResTime" : 7.0,
    "maxResTime" : 50.0,
    "pct1ResTime" : 30.900000000000006,
    "pct2ResTime" : 32.94999999999999,
    "pct3ResTime" : 49.84999999999992,
    "throughput" : 0.3268091336616676,
    "receivedKBytesPerSec" : 9.984494566185386,
    "sentKBytesPerSec" : 0.3900007434907791
  },
  "Anonymous - Open First Post" : {
    "transaction" : "Anonymous - Open First Post",
    "sampleCount" : 670,
    "errorCount" : 0,
    "errorPct" : 0.0,
    "meanResTime" : 19.564179104477578,
    "medianResTime" : 20.0,
    "minResTime" : 6.0,
    "maxResTime" : 61.0,
    "pct1ResTime" : 28.0,
    "pct2ResTime" : 30.0,
    "pct3ResTime" : 35.57999999999993,
    "throughput" : 3.357386249749449,
    "receivedKBytesPerSec" : 78.66866677001904,
    "sentKBytesPerSec" : 1.4100895015910002
  },
  "Admin - Add User" : {
    "transaction" : "Admin - Add User",
    "sampleCount" : 10,
    "errorCount" : 0,
    "errorPct" : 0.0,
    "meanResTime" : 13.200000000000001,
    "medianResTime" : 12.0,
    "minResTime" : 4.0,
    "maxResTime" : 38.0,
    "pct1ResTime" : 35.50000000000001,
    "pct2ResTime" : 38.0,
    "pct3ResTime" : 38.0,
    "throughput" : 0.2423654871546292,
    "receivedKBytesPerSec" : 0.11569165050896753,
    "sentKBytesPerSec" : 0.3639742638148328
  },
  "Admin - Delete User" : {
    "transaction" : "Admin - Delete User",
    "sampleCount" : 10,
    "errorCount" : 0,
    "errorPct" : 0.0,