{
  "Anonymous - Open Contacts" : {
    "transaction" : "Anonymous - Open Contacts",
    "sampleCount" : 4178,
    "errorCount" : 4098,
    "errorPct" : 98.085205,
    "meanResTime" : 181.3925323121112,
    "medianResTime" : 111.0,
    "minResTime" : 3.0,
    "maxResTime" : 10020.0,
    "pct1ResTime" : 170.0,
    "pct2ResTime" : 180.0,
    "pct3ResTime" : 191.0,
    "throughput" : 0.23256936320025687,
    "receivedKBytesPerSec" : 0.20411023861224226,
    "sentKBytesPerSec" : 0.11318471495334724
  },
  "Editor - Login" : {
    "transaction" : "Editor - Login",
    "sampleCount" : 206,
    "errorCount" : 202,
    "errorPct" : 98.05825,
    "meanResTime" : 107.16990291262134,
    "medianResTime" : 109.0,
    "minResTime" : 8.0,
    "maxResTime" : 193.0,
    "pct1ResTime" : 173.60000000000002,
    "pct2ResTime" : 178.0,
    "pct3ResTime" : 191.93,
    "throughput" : 0.011470014931064096,
    "receivedKBytesPerSec" : 0.012235338714412887,
    "sentKBytesPerSec" : 0.017863717409845683
  },
  "Anonymous - Open Predefined Date" : {
    "transaction" : "Anonymous - Open Predefined Date",
    "sampleCount" : 25064,
    "errorCount" : 24591,
    "errorPct" : 98.11283,
    "meanResTime" : 175.9869533992995,
    "medianResTime" : 111.0,
    "minResTime" : 0.0,
    "maxResTime" : 10018.0,
    "pct1ResTime" : 168.0,
    "pct2ResTime" : 178.0,
    "pct3ResTime" : 189.0,
    "throughput" : 1.3927583567029524,
    "receivedKBytesPerSec" : 1.3860244713384846,
    "sentKBytesPerSec" : 0.6887828481675009
  },
  "Anonymous - Search by Name" : {
    "transaction" : "Anonymous - Search by Name",
    "sampleCount" : 25062,
    "errorCount" : 24591,
    "errorPct" : 98.12066,
    "meanResTime" : 179.3569547522141,
    "medianResTime" : 111.0,
    "minResTime" : 0.0,
    "maxResTime" : 21021.0,
    "pct1ResTime" : 169.0,
    "pct2ResTime" : 179.0,
    "pct3ResTime" : 189.0,
    "throughput" : 1.392951184569867,
    "receivedKBytesPerSec" : 1.381055391631766,
    "sentKBytesPerSec" : 0.6672171718416657
  },
  "Admin- Open Login Page" : {
    "transaction" : "Admin- Open Login Page",
    "sampleCount" : 649,
    "errorCount" : 622,
    "errorPct" : 95.83975,
    "meanResTime" : 191.16949152542404,
    "medianResTime" : 105.0,
    "minResTime" : 3.0,
    "maxResTime" : 10005.0,
    "pct1ResTime" : 165.0,
    "pct2ResTime" : 177.0,
    "pct3ResTime" : 4659.5,
    "throughput" : 0.03608896190462527,
    "receivedKBytesPerSec" : 0.024545398808886315,
    "sentKBytesPerSec" : 0.042090068143911884
  },
  "Editor - Edit Post" : {
    "transaction" : "Editor - Edit Post",
    "sampleCount" : 103,
    "errorCount" : 1,
    "errorPct" : 0.9708738,
    "meanResTime" : 101.81553398058252,
    "medianResTime" : 3.0,
    "minResTime" : 1.0,
    "maxResTime" : 10002.0,
    "pct1ResTime" : 5.0,
    "pct2ResTime" : 7.599999999999994,
    "pct3ResTime" : 9606.279999999939,
    "throughput" : 0.15879255987481597,
    "receivedKBytesPerSec" : 0.03180909819701069,
    "sentKBytesPerSec" : 0.3045892784188578
  },
  "Anonymous - Open Home page" : {
    "transaction" : "Anonymous - Open Home page",
    "sampleCount" : 31251,
    "errorCount" : 30661,
    "errorPct" : 98.11206,
    "meanResTime" : 183.21343317013728,
    "medianResTime" : 112.0,
    "minResTime" : 0.0,
    "maxResTime" : 10021.0,
    "pct1ResTime" : 169.0,
    "pct2ResTime" : 179.0,
    "pct3ResTime" : 189.0,
    "throughput" : 1.7361793021938103,
    "receivedKBytesPerSec" : 1.7050753431872199,
    "sentKBytesPerSec" : 0.8514642045797667
  },
  "Admin - User List" : {
    "transaction" : "Admin - User List",
    "sampleCount" : 6477,
    "errorCount" : 6217,
    "errorPct" : 95.985794,
    "meanResTime" : 175.52308167361434,
    "medianResTime" : 110.0,
    "minResTime" : 2.0,
    "maxResTime" : 10007.0,
    "pct1ResTime" : 169.0,
    "pct2ResTime" : 179.0,
    "pct3ResTime" : 191.0,
    "throughput" : 0.3599929502075337,
    "receivedKBytesPerSec" : 0.28438808453417597,
    "sentKBytesPerSec" : 0.4430934353622292
  },
  "Admin - Login" : {
    "transaction" : "Admin - Login",
    "sampleCount" : 649,
    "errorCount" : 622,
    "errorPct" : 95.83975,
    "meanResTime" : 181.10939907550127,
    "medianResTime" : 110.0,
    "minResTime" : 5.0,
    "maxResTime" : 10007.0,
    "pct1ResTime" : 172.0,
    "pct2ResTime" : 181.0,
    "pct3ResTime" : 192.0,
    "throughput" : 0.03608919268809601,
    "receivedKBytesPerSec" : 0.07415814946311347,
    "sentKBytesPerSec" : 0.0561511315470258
  },
  "Anonymous - Open Random Page" : {
    "transaction" : "Anonymous - Open Random Page",
    "sampleCount" : 571,
    "errorCount" : 1,
    "errorPct" : 0.17513135,
    "meanResTime" : 30.472854640980742,
    "medianResTime" : 10.0,
    "minResTime" : 6.0,
    "maxResTime" : 10002.0,
    "pct1ResTime" : 26.0,
    "pct2ResTime" : 31.0,
    "pct3ResTime" : 47.95999999999981,
    "throughput" : 0.8772509321751367,
    "receivedKBytesPerSec" : 22.6630774171067,
    "sentKBytesPerSec" : 0.4210400584693123
  },
  "Admin - LogOut" : {
    "transaction" : "Admin - LogOut",
    "sampleCount" : 647,
    "errorCount" : 622,
    "errorPct" : 96.13601,
    "meanResTime" : 199.04327666151516,
    "medianResTime" : 114.0,
    "minResTime" : 4.0,
    "maxResTime" : 10011.0,
    "pct1ResTime" : 173.20000000000005,
    "pct2ResTime" : 183.0,
    "pct3ResTime" : 4808.5999999998385,
    "throughput" : 0.03608351230550945,
    "receivedKBytesPerSec" : 0.054107132153688765,
    "sentKBytesPerSec" : 0.04348541203411348
  },
  "Editor -  Get Post Content" : {
    "transaction" : "Editor -  Get Post Content",
    "sampleCount" : 103,
    "errorCount" : 0,
    "errorPct" : 0.0,
    "meanResTime" : 4.932038834951458,
    "medianResTime" : 4.0,
    "minResTime" : 2.0,
    "maxResTime" : 55.0,
    "pct1ResTime" : 8.0,
    "pct2ResTime" : 9.799999999999997,
    "pct3ResTime" : 53.759999999999806,
    "throughput" : 0.16123326226546822,
    "receivedKBytesPerSec" : 0.1252419477291156,
    "sentKBytesPerSec" : 0.20941429571589132
  },
  "Anonymous - Open Random Date" : {
    "transaction" : "Anonymous - Open Random Date",
    "sampleCount" : 8357,
    "errorCount" : 8198,
    "errorPct" : 98.097404,
    "meanResTime" : 181.5014957520642,
    "medianResTime" : 111.0,
    "minResTime" : 0.0,
    "maxResTime" : 10020.0,
    "pct1ResTime" : 169.0,
    "pct2ResTime" : 179.0,
    "pct3ResTime" : 191.0,
    "throughput" : 0.4646270224229657,
    "receivedKBytesPerSec" : 0.44506848411611616,
    "sentKBytesPerSec" : 0.22972443401206571
  },
  "Anonymous - Open First Post" : {
    "transaction" : "Anonymous - Open First Post",
    "sampleCount" : 778,
    "errorCount" : 1,
    "errorPct" : 0.1285347,
    "meanResTime" : 54.736503856041125,
    "medianResTime" : 38.0,
    "minResTime" : 7.0,
    "maxResTime" : 10013.0,
    "pct1ResTime" : 62.0,
    "pct2ResTime" : 72.0,
    "pct3ResTime" : 88.21000000000004,
    "throughput" : 1.1890897197232997,
    "receivedKBytesPerSec" : 27.760154989075808,
    "sentKBytesPerSec" : 0.5046458011415567
  },
  "Editor - Open Page by Predefined Date" : {
    "transaction" : "Editor - Open Page by Predefined Date",
    "sampleCount" : 10229,
    "errorCount" : 10105,
    "errorPct" : 98.78776,
    "meanResTime" : 181.15778668491578,
    "medianResTime" : 111.0,
    "minResTime" : 0.0,
    "maxResTime" : 10019.0,
    "pct1ResTime" : 169.0,
    "pct2ResTime" : 179.0,
    "pct3ResTime" : 191.0,
    "throughput" : 0.568423578425644,
    "receivedKBytesPerSec" : 0.49825470120238613,
    "sentKBytesPerSec" : 0.6734926293316458
  },
  "Admin - Delete User" : {
    "transaction" : "Admin - Delete User",
    "sampleCount" : 129,
    "errorCount" : 0,
    "errorPct" : 0.0,
    "meanResTime" : 6.968992248062015,
    "medianResTime" : 5.0,
    "minResTime" : 4.0,
    "maxResTime" : 32.0,
    "pct1ResTime" : 13.0,
    "pct2ResTime" : 16.5,
    "pct3ResTime" : 28.099999999999852,
    "throughput" : 0.20481099438119296,
    "receivedKBytesPerSec" : 0.03640195407946984,