{
  "GeneratePost" : {
    "transaction" : "GeneratePost",
    "sampleCount" : 1000,
    "errorCount" : 232,
    "errorPct" : 23.2,
    "meanResTime" : 112.28399999999984,
    "medianResTime" : 50.0,
    "minResTime" : 9.0,
    "maxResTime" : 2003.0,
    "pct1ResTime" : 243.89999999999998,
    "pct2ResTime" : 358.99999999999864,
    "pct3ResTime" : 942.95,
    "throughput" : 17.656614167667207,
    "receivedKBytesPerSec" : 12.195719981548837,
    "sentKBytesPerSec" : 28.364385064270074
  },
  "Total" : {
    "transaction" : "Total",
    "sampleCount" : 1006,
    "errorCount" : 232,
    "errorPct" : 23.06163,
    "meanResTime" : 112.2007952286281,
    "medianResTime" : 50.0,
    "minResTime" : 9.0,
    "maxResTime" : 2003.0,
    "pct1ResTime" : 243.30000000000007,
    "pct2ResTime" : 352.99999999999955,
    "pct3ResTime" : 942.6499999999997,
    "throughput" : 17.714074413199274,
    "receivedKBytesPerSec" : 14.514912684228136,
    "sentKBytesPerSec" : 28.45590080294413
  },
  "Login" : {
    "transaction" : "Login",
    "sampleCount" : 2,
    "errorCount" : 0,
    "errorPct" : 0.0,
    "meanResTime" : 149.5,
    "medianResTime" : 149.5,
    "minResTime" : 149.0,
    "maxResTime" : 150.0,
    "pct1ResTime" : 150.0,
    "pct2ResTime" : 150.0,
    "pct3ResTime" : 150.0,
    "throughput" : 13.333333333333334,
    "receivedKBytesPerSec" : 445.33203125,
    "sentKBytesPerSec" : 31.979166666666668
  },
  "Login-0" : {
    "transaction" : "Login-0",
    "sampleCount" : 2,
    "errorCount" : 0,
    "errorPct" : 0.0,
    "meanResTime" : 82.0,
    "medianResTime" : 82.0,
    "minResTime" : 82.0,
    "maxResTime" : 82.0,
    "pct1ResTime" : 82.0,
    "pct2ResTime" : 82.0,
    "pct3ResTime" : 82.0,
    "throughput" : 24.390243902439025,
    "receivedKBytesPerSec" : 28.772865853658537,
    "sentKBytesPerSec" : 27.510480182926827
  },
  "Login-1" : {
    "transaction" : "Login-1",
    "sampleCount" : 2,
    "errorCount" : 0,
    "errorPct" : 0.0,
    "meanResTime" : 63.5,
    "medianResTime" : 63.5,
    "minResTime" : 63.0,
    "maxResTime" : 64.0,
    "pct1ResTime" : 64.0,
    "pct2ResTime" : 64.0,
    "pct3ResTime" : 64.0,
    "throughput" : 31.25,
    "receivedKBytesPerSec" : 1006.8817138671875,
    "sentKBytesPerSec" : 39.703369140625
  }
}