{
  "Add User" : {
    "transaction" : "Add User",
    "sampleCount" : 9,
    "errorCount" : 0,
    "errorPct" : 0.0,
    "meanResTime" : 12.333333333333336,
    "medianResTime" : 13.0,
    "minResTime" : 5.0,
    "maxResTime" : 19.0,
    "pct1ResTime" : 19.0,
    "pct2ResTime" : 19.0,
    "pct3ResTime" : 19.0,
    "throughput" : 0.1997602876548142,
    "receivedKBytesPerSec" : 0.095328314356106,
    "sentKBytesPerSec" : 0.2999655621587428
  },
  "Open Login Page" : {
    "transaction" : "Open Login Page",
    "sampleCount" : 2,
    "errorCount" : 0,
    "errorPct" : 0.0,
    "meanResTime" : 52.5,
    "medianResTime" : 52.5,
    "minResTime" : 10.0,
    "maxResTime" : 95.0,
    "pct1ResTime" : 95.0,
    "pct2ResTime" : 95.0,
    "pct3ResTime" : 95.0,
    "throughput" : 0.4182350480970305,
    "receivedKBytesPerSec" : 1.8555095932664156,
    "sentKBytesPerSec" : 0.18869589084065244
  },
  "Delete User" : {
    "transaction" : "Delete User",
    "sampleCount" : 11,
    "errorCount" : 0,
    "errorPct" : 0.0,
    "meanResTime" : 14.818181818181818,
    "medianResTime" : 14.0,
    "minResTime" : 12.0,
    "maxResTime" : 17.0,
    "pct1ResTime" : 17.0,
    "pct2ResTime" : 17.0,
    "pct3ResTime" : 17.0,
    "throughput" : 0.19773503505302895,
    "receivedKBytesPerSec" : 0.03514431287075319,
    "sentKBytesPerSec" : 0.3653112641560309
  },
  "LogOut" : {
    "transaction" : "LogOut",
    "sampleCount" : 4,
    "errorCount" : 0,
    "errorPct" : 0.0,
    "meanResTime" : 32.0,
    "medianResTime" : 32.0,
    "minResTime" : 28.0,
    "maxResTime" : 36.0,
    "pct1ResTime" : 36.0,
    "pct2ResTime" : 36.0,
    "pct3ResTime" : 36.0,
    "throughput" : 1.44040331292762,
    "receivedKBytesPerSec" : 38.003297173208495,
    "sentKBytesPerSec" : 2.3279955887648542
  },
  "Total" : {
    "transaction" : "Total",
    "sampleCount" : 44,
    "errorCount" : 0,
    "errorPct" : 0.0,
    "meanResTime" : 11.886363636363635,
    "medianResTime" : 10.0,
    "minResTime" : 2.0,
    "maxResTime" : 95.0,
    "pct1ResTime" : 18.5,
    "pct2ResTime" : 34.0,
    "pct3ResTime" : 95.0,
    "throughput" : 0.6448965234214692,
    "receivedKBytesPerSec" : 3.4810471186682888,
    "sentKBytesPerSec" : 0.7622363161018937
  },
  "User List" : {
    "transaction" : "User List",
    "sampleCount" : 20,
    "errorCount" : 0,
    "errorPct" : 0.0,
    "meanResTime" : 11.750000000000004,
    "medianResTime" : 11.5,
    "minResTime" : 5.0,
    "maxResTime" : 19.0,
    "pct1ResTime" : 17.700000000000006,
    "pct2ResTime" : 18.95,
    "pct3ResTime" : 19.0,
    "throughput" : 0.34990727457223836,
    "receivedKBytesPerSec" : 2.372313231524896,
    "sentKBytesPerSec" : 0.43123337940445783
  },
  "Login" : {
    "transaction" : "Login",
    "sampleCount" : 2,
    "errorCount" : 0,
    "errorPct" : 0.0,
    "meanResTime" : 53.5,
    "medianResTime" : 53.5,
    "minResTime" : 38.0,
    "maxResTime" : 69.0,
    "pct1ResTime" : 69.0,
    "pct2ResTime" : 69.0,
    "pct3ResTime" : 69.0,
    "throughput" : 0.44563279857397503,
    "receivedKBytesPerSec" : 16.44402434269162,
    "sentKBytesPerSec" : 1.0664288797905526
  },
  "Open Admin Page" : {
    "transaction" : "Open Admin Page",
    "sampleCount" : 20,
    "errorCount" : 0,
    "errorPct" : 0.0,
    "meanResTime" : 5.949999999999999,
    "medianResTime" : 5.0,
    "minResTime" : 2.0,
    "maxResTime" : 16.0,
    "pct1ResTime" : 12.700000000000006,
    "pct2ResTime" : 15.849999999999998,
    "pct3ResTime" : 16.0,
    "throughput" : 0.3556251000195594,
    "receivedKBytesPerSec" : 0.7160080749124274,
    "sentKBytesPerSec" : 0.4129279725813048
  }
}