{
  "Add User" : {
    "transaction" : "Add User",
    "sampleCount" : 279,
    "errorCount" : 5,
    "errorPct" : 1.7921147,
    "meanResTime" : 11.272401433691758,
    "medianResTime" : 12.0,
    "minResTime" : 3.0,
    "maxResTime" : 19.0,
    "pct1ResTime" : 14.0,
    "pct2ResTime" : 15.0,
    "pct3ResTime" : 18.19999999999999,
    "throughput" : 0.4864703697697897,
    "receivedKBytesPerSec" : 0.2327887813001836,
    "sentKBytesPerSec" : 0.7329152483396365
  },
  "Open Home Page" : {
    "transaction" : "Open Home Page",
    "sampleCount" : 146,
    "errorCount" : 0,
    "errorPct" : 0.0,
    "meanResTime" : 21.01369863013699,
    "medianResTime" : 19.0,
    "minResTime" : 5.0,
    "maxResTime" : 70.0,
    "pct1ResTime" : 32.0,
    "pct2ResTime" : 34.650000000000006,
    "pct3ResTime" : 56.37000000000003,
    "throughput" : 0.24426683977266453,
    "receivedKBytesPerSec" : 6.478796258032782,
    "sentKBytesPerSec" : 0.10591257505767876
  },
  "T_Delete User" : {
    "transaction" : "T_Delete User",
    "sampleCount" : 1093,
    "errorCount" : 0,
    "errorPct" : 0.0,
    "meanResTime" : 7.000000000000003,
    "medianResTime" : 6.0,
    "minResTime" : 0.0,
    "maxResTime" : 18.0,
    "pct1ResTime" : 13.0,
    "pct2ResTime" : 13.0,
    "pct3ResTime" : 16.0,
    "throughput" : 1.8466144275833174,
    "receivedKBytesPerSec" : 0.3264051766448046,
    "sentKBytesPerSec" : 3.4036427183330122
  },
  "Delete User" : {
    "transaction" : "Delete User",
    "sampleCount" : 1087,
    "errorCount" : 0,
    "errorPct" : 0.0,
    "meanResTime" : 7.0386384544618235,
    "medianResTime" : 6.0,
    "minResTime" : 2.0,
    "maxResTime" : 18.0,
    "pct1ResTime" : 13.0,
    "pct2ResTime" : 13.0,
    "pct3ResTime" : 16.0,
    "throughput" : 1.8445175237649198,
    "receivedKBytesPerSec" : 0.3278341692629057,
    "sentKBytesPerSec" : 3.4185437697475374
  },
  "Login" : {
    "transaction" : "Login",
    "sampleCount" : 146,
    "errorCount" : 0,
    "errorPct" : 0.0,
    "meanResTime" : 64.57534246575344,
    "medianResTime" : 52.0,
    "minResTime" : 16.0,
    "maxResTime" : 1905.0,
    "pct1ResTime" : 67.60000000000002,
    "pct2ResTime" : 78.30000000000001,
    "pct3ResTime" : 1067.460000000002,
    "throughput" : 0.24375747133345355,
    "receivedKBytesPerSec" : 15.631764700265963,
    "sentKBytesPerSec" : 0.6880983327656789
  },
  "Login " : {
    "transaction" : "Login ",
    "sampleCount" : 145,
    "errorCount" : 0,
    "errorPct" : 0.0,
    "meanResTime" : 30.83448275862069,
    "medianResTime" : 32.0,
    "minResTime" : 10.0,
    "maxResTime" : 54.0,
    "pct1ResTime" : 44.400000000000006,
    "pct2ResTime" : 48.69999999999999,
    "pct3ResTime" : 53.53999999999999,
    "throughput" : 0.24434839024965668,
    "receivedKBytesPerSec" : 9.252070444482362,
    "sentKBytesPerSec" : 0.5878448261334817
  },
  "LogOut-0" : {
    "transaction" : "LogOut-0",
    "sampleCount" : 126,
    "errorCount" : 0,
    "errorPct" : 0.0,
    "meanResTime" : 5.007936507936507,
    "medianResTime" : 5.0,
    "minResTime" : 2.0,
    "maxResTime" : 10.0,
    "pct1ResTime" : 6.0,
    "pct2ResTime" : 6.0,
    "pct3ResTime" : 9.460000000000008,
    "throughput" : 0.23613635937704977,
    "receivedKBytesPerSec" : 0.12106600456342884,
    "sentKBytesPerSec" : 0.28294854780824225
  },
  "LogOut-1" : {
    "transaction" : "LogOut-1",
    "sampleCount" : 126,
    "errorCount" : 0,
    "errorPct" : 0.0,
    "meanResTime" : 20.690476190476186,
    "medianResTime" : 19.0,
    "minResTime" : 5.0,
    "maxResTime" : 64.0,
    "pct1ResTime" : 32.0,
    "pct2ResTime" : 32.64999999999999,
    "pct3ResTime" : 56.71000000000011,
    "throughput" : 0.23612662383904412,
    "receivedKBytesPerSec" : 6.262889749480896,
    "sentKBytesPerSec" : 0.09869354980772548
  },
  "LogOut" : {
    "transaction" : "LogOut",
    "sampleCount" : 254,
    "errorCount" : 0,
    "errorPct" : 0.0,
    "meanResTime" : 26.200787401574807,
    "medianResTime" : 25.0,
    "minResTime" : 0.0,
    "maxResTime" : 71.0,
    "pct1ResTime" : 37.0,
    "pct2ResTime" : 39.0,
    "pct3ResTime" : 55.14999999999969,
    "throughput" : 0.47282380053537054,
    "receivedKBytesPerSec" : 12.68267094953816,
    "sentKBytesPerSec" : 0.7581658089754616
  },
  "Total" : {
    "transaction" : "Total",
    "sampleCount" : 4793,
    "errorCount" : 5,
    "errorPct" : 0.1043188,
    "meanResTime" : 9.507823909868584,
    "medianResTime" : 6.0,
    "minResTime" : 0.0,
    "maxResTime" : 1905.0,
    "pct1ResTime" : 17.0,
    "pct2ResTime" : 26.0,
    "pct3ResTime" : 37.0,
    "throughput" : 8.005759202530843,
    "receivedKBytesPerSec" : 52.62079607080162,
    "sentKBytesPerSec" : 10.95093614705509
  },
  "User List" : {
    "transaction" : "User List",
    "sampleCount" : 1372,
    "errorCount" : 0,
    "errorPct" : 0.0,
    "meanResTime" : 9.687317784256551,
    "medianResTime" : 10.0,
    "minResTime" : 3.0,
    "maxResTime" : 21.0,
    "pct1ResTime" : 13.0,
    "pct2ResTime" : 14.0,
    "pct3ResTime" : 17.0,
    "throughput" : 2.3170822327755674,
    "receivedKBytesPerSec" : 21.122363886196133,
    "sentKBytesPerSec" : 2.8714622591720653
  },
  "Manage User" : {
    "transaction" : "Manage User",
    "sampleCount" : 128,
    "errorCount" : 5,
    "errorPct" : 3.90625,
    "meanResTime" : 215.17968749999997,
    "medianResTime" : 215.0,
    "minResTime" : 174.0,
    "maxResTime" : 283.0,
    "pct1ResTime" : 237.20000000000002,
    "pct2ResTime" : 244.55,
    "pct3ResTime" : 281.84,
    "throughput" : 0.23936866514567828,
    "receivedKBytesPerSec" : 26.672844951518496,
    "sentKBytesPerSec" : 10.009000431284361
  },
  "T_Add User" : {
    "transaction" : "T_Add User",
    "sampleCount" : 279,
    "errorCount" : 5,
    "errorPct" : 1.7921147,
    "meanResTime" : 11.272401433691758,
    "medianResTime" : 12.0,
    "minResTime" : 3.0,
    "maxResTime" : 19.0,
    "pct1ResTime" : 14.0,
    "pct2ResTime" : 15.0,
    "pct3ResTime" : 18.19999999999999,
    "throughput" : 0.4858434957048997,
    "receivedKBytesPerSec" : 0.23248880568262753,
    "sentKBytesPerSec" : 0.7319708011759503
  },
  "Open Admin Page" : {
    "transaction" : "Open Admin Page",
    "sampleCount" : 1379,
    "errorCount" : 0,
    "errorPct" : 0.0,
    "meanResTime" : 3.9702683103698306,
    "medianResTime" : 4.0,
    "minResTime" : 1.0,
    "maxResTime" : 18.0,
    "pct1ResTime" : 5.0,
    "pct2ResTime" : 5.0,
    "pct3ResTime" : 7.0,
    "throughput" : 2.324229119439084,
    "receivedKBytesPerSec" : 4.159042111378441,
    "sentKBytesPerSec" : 2.6987386943487017
  }
}