{
  "Add User" : {
    "transaction" : "Add User",
    "sampleCount" : 43,
    "errorCount" : 0,
    "errorPct" : 0.0,
    "meanResTime" : 11.139534883720932,
    "medianResTime" : 12.0,
    "minResTime" : 4.0,
    "maxResTime" : 22.0,
    "pct1ResTime" : 14.600000000000001,
    "pct2ResTime" : 16.599999999999994,
    "pct3ResTime" : 22.0,
    "throughput" : 0.08236711598247687,
    "receivedKBytesPerSec" : 0.0393316447276426,
    "sentKBytesPerSec" : 0.12370967662766041
  },
  "Open Login Page" : {
    "transaction" : "Open Login Page",
    "sampleCount" : 87,
    "errorCount" : 0,
    "errorPct" : 0.0,
    "meanResTime" : 6.137931034482758,
    "medianResTime" : 6.0,
    "minResTime" : 2.0,
    "maxResTime" : 58.0,
    "pct1ResTime" : 7.0,
    "pct2ResTime" : 7.599999999999994,
    "pct3ResTime" : 58.0,
    "throughput" : 0.14683246921581333,
    "receivedKBytesPerSec" : 0.6514256910619532,
    "sentKBytesPerSec" : 0.06624668044697829
  },
  "Delete User" : {
    "transaction" : "Delete User",
    "sampleCount" : 43,
    "errorCount" : 0,
    "errorPct" : 0.0,
    "meanResTime" : 52.20930232558139,
    "medianResTime" : 12.0,
    "minResTime" : 4.0,
    "maxResTime" : 1798.0,
    "pct1ResTime" : 15.0,
    "pct2ResTime" : 27.999999999999957,
    "pct3ResTime" : 1798.0,
    "throughput" : 0.07287715623167479,
    "receivedKBytesPerSec" : 0.012952775814614074,
    "sentKBytesPerSec" : 0.13463869243128362
  },
  "LogOut" : {
    "transaction" : "LogOut",
    "sampleCount" : 170,
    "errorCount" : 0,
    "errorPct" : 0.0,
    "meanResTime" : 21.070588235294117,
    "medianResTime" : 23.0,
    "minResTime" : 8.0,
    "maxResTime" : 40.0,
    "pct1ResTime" : 32.0,
    "pct2ResTime" : 36.0,
    "pct3ResTime" : 40.0,
    "throughput" : 0.29349207226120105,
    "receivedKBytesPerSec" : 7.755264999602923,
    "sentKBytesPerSec" : 0.4743450972580935
  },
  "Total" : {
    "transaction" : "Total",
    "sampleCount" : 346,
    "errorCount" : 0,
    "errorPct" : 0.0,
    "meanResTime" : 15.421965317919081,
    "medianResTime" : 7.0,
    "minResTime" : 2.0,
    "maxResTime" : 1798.0,
    "pct1ResTime" : 25.0,
    "pct2ResTime" : 31.0,
    "pct3ResTime" : 39.059999999999945,
    "throughput" : 0.5781950288596189,
    "receivedKBytesPerSec" : 5.629731517394313,
    "sentKBytesPerSec" : 0.644176732162015
  },
  "User List" : {
    "transaction" : "User List",
    "sampleCount" : 86,
    "errorCount" : 0,
    "errorPct" : 0.0,
    "meanResTime" : 9.755813953488373,
    "medianResTime" : 10.0,
    "minResTime" : 3.0,
    "maxResTime" : 18.0,
    "pct1ResTime" : 14.0,
    "pct2ResTime" : 15.0,
    "pct3ResTime" : 18.0,
    "throughput" : 0.14579780218289826,
    "receivedKBytesPerSec" : 0.8853461606437483,
    "sentKBytesPerSec" : 0.17968440073712658
  },
  "Login" : {
    "transaction" : "Login",
    "sampleCount" : 87,
    "errorCount" : 0,
    "errorPct" : 0.0,
    "meanResTime" : 27.655172413793114,
    "medianResTime" : 31.0,
    "minResTime" : 11.0,
    "maxResTime" : 56.0,
    "pct1ResTime" : 38.2,
    "pct2ResTime" : 42.99999999999997,
    "pct3ResTime" : 56.0,
    "throughput" : 0.1468607253907002,
    "receivedKBytesPerSec" : 5.425528556181823,
    "sentKBytesPerSec" : 0.3519411912472696
  },
  "Open Admin Page" : {
    "transaction" : "Open Admin Page",
    "sampleCount" : 87,
    "errorCount" : 0,
    "errorPct" : 0.0,
    "meanResTime" : 4.2988505747126435,
    "medianResTime" : 4.0,
    "minResTime" : 2.0,
    "maxResTime" : 12.0,
    "pct1ResTime" : 6.0,
    "pct2ResTime" : 7.599999999999994,
    "pct3ResTime" : 12.0,
    "throughput" : 0.14670371919221897,
    "receivedKBytesPerSec" : 0.361662674294979,
    "sentKBytesPerSec" : 0.17034250206987142
  }
}