{
  "Add User" : {
    "transaction" : "Add User",
    "sampleCount" : 69,
    "errorCount" : 0,
    "errorPct" : 0.0,
    "meanResTime" : 13.492753623188404,
    "medianResTime" : 14.0,
    "minResTime" : 0.0,
    "maxResTime" : 27.0,
    "pct1ResTime" : 16.0,
    "pct2ResTime" : 17.5,
    "pct3ResTime" : 27.0,
    "throughput" : 0.11797392605257534,
    "receivedKBytesPerSec" : 0.055712692348792475,
    "sentKBytesPerSec" : 0.17481533180166703
  },
  "Delete User" : {
    "transaction" : "Delete User",
    "sampleCount" : 88,
    "errorCount" : 0,
    "errorPct" : 0.0,
    "meanResTime" : 13.318181818181813,
    "medianResTime" : 15.0,
    "minResTime" : 4.0,
    "maxResTime" : 27.0,
    "pct1ResTime" : 17.0,
    "pct2ResTime" : 19.0,
    "pct3ResTime" : 27.0,
    "throughput" : 0.1502173029848861,
    "receivedKBytesPerSec" : 0.026698778460204364,
    "sentKBytesPerSec" : 0.2779800264331243
  },
  "LogOut" : {
    "transaction" : "LogOut",
    "sampleCount" : 28,
    "errorCount" : 0,
    "errorPct" : 0.0,
    "meanResTime" : 33.78571428571428,
    "medianResTime" : 33.0,
    "minResTime" : 9.0,
    "maxResTime" : 52.0,
    "pct1ResTime" : 49.300000000000004,
    "pct2ResTime" : 52.0,
    "pct3ResTime" : 52.0,
    "throughput" : 0.05842133046234224,
    "receivedKBytesPerSec" : 1.5805708389928999,
    "sentKBytesPerSec" : 0.09442119327653946
  },
  "Total" : {
    "transaction" : "Total",
    "sampleCount" : 329,
    "errorCount" : 0,
    "errorPct" : 0.0,
    "meanResTime" : 9.285714285714299,
    "medianResTime" : 9.0,
    "minResTime" : 0.0,
    "maxResTime" : 52.0,
    "pct1ResTime" : 16.0,
    "pct2ResTime" : 18.5,
    "pct3ResTime" : 42.69999999999999,
    "throughput" : 0.553938265348215,
    "receivedKBytesPerSec" : 3.1271411308211925,
    "sentKBytesPerSec" : 0.6708125702945975
  },
  "User List" : {
    "transaction" : "User List",
    "sampleCount" : 157,
    "errorCount" : 0,
    "errorPct" : 0.0,
    "meanResTime" : 11.515923566878978,
    "medianResTime" : 11.0,
    "minResTime" : 3.0,
    "maxResTime" : 30.0,
    "pct1ResTime" : 16.0,
    "pct2ResTime" : 16.099999999999994,
    "pct3ResTime" : 24.199999999999875,
    "throughput" : 0.26512970246367973,
    "receivedKBytesPerSec" : 2.0156044978325225,
    "sentKBytesPerSec" : 0.3267516450284803
  },
  "Login" : {
    "transaction" : "Login",
    "sampleCount" : 16,
    "errorCount" : 0,
    "errorPct" : 0.0,
    "meanResTime" : 63.125,
    "medianResTime" : 58.5,
    "minResTime" : 47.0,
    "maxResTime" : 146.0,
    "pct1ResTime" : 90.70000000000006,
    "pct2ResTime" : 146.0,
    "pct3ResTime" : 146.0,
    "throughput" : 0.029323578356266818,
    "receivedKBytesPerSec" : 1.8800594627187357,
    "sentKBytesPerSec" : 0.08326006256918532
  },
  "Open Admin Page" : {
    "transaction" : "Open Admin Page",
    "sampleCount" : 157,
    "errorCount" : 0,
    "errorPct" : 0.0,
    "meanResTime" : 4.929936305732485,
    "medianResTime" : 4.0,
    "minResTime" : 2.0,
    "maxResTime" : 16.0,
    "pct1ResTime" : 8.0,
    "pct2ResTime" : 12.0,
    "pct3ResTime" : 16.0,
    "throughput" : 0.26503213303600215,
    "receivedKBytesPerSec" : 0.48105488433541926,
    "sentKBytesPerSec" : 0.30773750603496736
  }
}