{
  "Anonymous - Open Contacts" : {
    "transaction" : "Anonymous - Open Contacts",
    "sampleCount" : 64,
    "errorCount" : 0,
    "errorPct" : 0.0,
    "meanResTime" : 16.312499999999986,
    "medianResTime" : 13.0,
    "minResTime" : 10.0,
    "maxResTime" : 97.0,
    "pct1ResTime" : 20.5,
    "pct2ResTime" : 33.25,
    "pct3ResTime" : 97.0,
    "throughput" : 0.5806199932865813,
    "receivedKBytesPerSec" : 11.380775581300407,
    "sentKBytesPerSec" : 0.28024553875184843
  },
  "Editor - Login" : {
    "transaction" : "Editor - Login",
    "sampleCount" : 2,
    "errorCount" : 0,
    "errorPct" : 0.0,
    "meanResTime" : 68.5,
    "medianResTime" : 68.5,
    "minResTime" : 24.0,
    "maxResTime" : 113.0,
    "pct1ResTime" : 113.0,
    "pct2ResTime" : 113.0,
    "pct3ResTime" : 113.0,
    "throughput" : 17.699115044247787,
    "receivedKBytesPerSec" : 551.9392975663717,
    "sentKBytesPerSec" : 42.346515486725664
  },
  "Anonymous - Open Predefined Date" : {
    "transaction" : "Anonymous - Open Predefined Date",
    "sampleCount" : 416,
    "errorCount" : 0,
    "errorPct" : 0.0,
    "meanResTime" : 18.733173076923087,
    "medianResTime" : 15.0,
    "minResTime" : 12.0,
    "maxResTime" : 442.0,
    "pct1ResTime" : 24.30000000000001,
    "pct2ResTime" : 33.14999999999998,
    "pct3ResTime" : 58.829999999999984,
    "throughput" : 2.156032485604855,
    "receivedKBytesPerSec" : 56.33469476883548,
    "sentKBytesPerSec" : 1.0556048098700679
  },
  "Anonymous - Search by Name" : {
    "transaction" : "Anonymous - Search by Name",
    "sampleCount" : 384,
    "errorCount" : 0,
    "errorPct" : 0.0,
    "meanResTime" : 18.434895833333332,
    "medianResTime" : 16.0,
    "minResTime" : 12.0,
    "maxResTime" : 166.0,
    "pct1ResTime" : 25.0,
    "pct2ResTime" : 32.75,
    "pct3ResTime" : 62.04999999999984,
    "throughput" : 2.1548942474424657,
    "receivedKBytesPerSec" : 56.03690650971666,
    "sentKBytesPerSec" : 1.0222397958181584
  },
  "Admin- Open Login Page" : {
    "transaction" : "Admin- Open Login Page",
    "sampleCount" : 2,
    "errorCount" : 0,
    "errorPct" : 0.0,
    "meanResTime" : 3714.0,
    "medianResTime" : 3714.0,
    "minResTime" : 2313.0,
    "maxResTime" : 5115.0,
    "pct1ResTime" : 5115.0,
    "pct2ResTime" : 5115.0,
    "pct3ResTime" : 5115.0,
    "throughput" : 0.39100684261974583,
    "receivedKBytesPerSec" : 1.7347110215053763,
    "sentKBytesPerSec" : 0.17641129032258063
  },
  "Editor - Edit Post" : {
    "transaction" : "Editor - Edit Post",
    "sampleCount" : 100,
    "errorCount" : 0,
    "errorPct" : 0.0,
    "meanResTime" : 9.049999999999995,
    "medianResTime" : 4.0,
    "minResTime" : 3.0,
    "maxResTime" : 174.0,
    "pct1ResTime" : 12.0,
    "pct2ResTime" : 14.949999999999989,
    "pct3ResTime" : 173.90999999999997,
    "throughput" : 0.3226930672621429,
    "receivedKBytesPerSec" : 0.05735365062666994,
    "sentKBytesPerSec" : 0.6238911207372246
  },
  "Anonymous - Open Home page" : {
    "transaction" : "Anonymous - Open Home page",
    "sampleCount" : 512,
    "errorCount" : 0,
    "errorPct" : 0.0,
    "meanResTime" : 73.46289062499999,
    "medianResTime" : 17.0,
    "minResTime" : 13.0,
    "maxResTime" : 6490.0,
    "pct1ResTime" : 26.0,
    "pct2ResTime" : 38.0,
    "pct3ResTime" : 2889.1100000000065,
    "throughput" : 2.587949858471492,
    "receivedKBytesPerSec" : 65.98611192282905,
    "sentKBytesPerSec" : 1.24759512105742
  },
  "Admin - User List" : {
    "transaction" : "Admin - User List",
    "sampleCount" : 20,
    "errorCount" : 0,
    "errorPct" : 0.0,
    "meanResTime" : 26.550000000000004,
    "medianResTime" : 7.0,
    "minResTime" : 6.0,
    "maxResTime" : 357.0,
    "pct1ResTime" : 40.60000000000007,
    "pct2ResTime" : 341.3499999999998,
    "pct3ResTime" : 357.0,
    "throughput" : 0.4536484678023,
    "receivedKBytesPerSec" : 2.6108045242928752,
    "sentKBytesPerSec" : 0.562187407852655
  },
  "Admin - Login" : {
    "transaction" : "Admin - Login",
    "sampleCount" : 2,
    "errorCount" : 0,
    "errorPct" : 0.0,
    "meanResTime" : 509.0,
    "medianResTime" : 509.0,
    "minResTime" : 469.0,
    "maxResTime" : 549.0,
    "pct1ResTime" : 549.0,
    "pct2ResTime" : 549.0,
    "pct3ResTime" : 549.0,
    "throughput" : 3.6429872495446265,
    "receivedKBytesPerSec" : 136.38433515482694,
    "sentKBytesPerSec" : 8.72680441712204
  },
  "Anonymous - Open Random Page" : {
    "transaction" : "Anonymous - Open Random Page",
    "sampleCount" : 495,
    "errorCount" : 0,
    "errorPct" : 0.0,
    "meanResTime" : 19.951515151515146,
    "medianResTime" : 16.0,
    "minResTime" : 12.0,
    "maxResTime" : 329.0,
    "pct1ResTime" : 25.0,
    "pct2ResTime" : 38.19999999999999,
    "pct3ResTime" : 76.2000000000001,
    "throughput" : 2.550875800691571,
    "receivedKBytesPerSec" : 66.09275517454175,
    "sentKBytesPerSec" : 1.2069404837516942
  },
  "Admin - LogOut" : {
    "transaction" : "Admin - LogOut",
    "sampleCount" : 2,
    "errorCount" : 0,
    "errorPct" : 0.0,
    "meanResTime" : 24.5,
    "medianResTime" : 24.5,
    "minResTime" : 18.0,
    "maxResTime" : 31.0,
    "pct1ResTime" : 31.0,
    "pct2ResTime" : 31.0,
    "pct3ResTime" : 31.0,
    "throughput" : 0.8591065292096219,
    "receivedKBytesPerSec" : 22.343481529209622,
    "sentKBytesPerSec" : 1.3884973689862543
  },
  "Editor -  Get Post Content" : {
    "transaction" : "Editor -  Get Post Content",
    "sampleCount" : 100,
    "errorCount" : 0,
    "errorPct" : 0.0,
    "meanResTime" : 9.780000000000005,
    "medianResTime" : 4.0,
    "minResTime" : 2.0,
    "maxResTime" : 205.0,
    "pct1ResTime" : 9.0,
    "pct2ResTime" : 30.849999999999966,
    "pct3ResTime" : 204.30999999999966,
    "throughput" : 0.32254422887738476,
    "receivedKBytesPerSec" : 0.25074663949231535,
    "sentKBytesPerSec" : 0.41892951602238454
  },
  "Anonymous - Open Random Date" : {
    "transaction" : "Anonymous - Open Random Date",
    "sampleCount" : 128,
    "errorCount" : 0,
    "errorPct" : 0.0,
    "meanResTime" : 21.81249999999999,
    "medianResTime" : 14.0,
    "minResTime" : 9.0,
    "maxResTime" : 505.0,
    "pct1ResTime" : 27.10000000000001,
    "pct2ResTime" : 50.49999999999997,
    "pct3ResTime" : 406.97999999999786,
    "throughput" : 0.831417176559232,
    "receivedKBytesPerSec" : 19.368889205541915,
    "sentKBytesPerSec" : 0.4046460306325266
  },
  "Editor - Open Page by Predefined Date" : {
    "transaction" : "Editor - Open Page by Predefined Date",
    "sampleCount" : 100,
    "errorCount" : 0,
    "errorPct" : 0.0,
    "meanResTime" : 20.069999999999997,
    "medianResTime" : 17.0,
    "minResTime" : 14.0,
    "maxResTime" : 116.0,
    "pct1ResTime" : 25.0,
    "pct2ResTime" : 28.899999999999977,
    "pct3ResTime" : 115.50999999999975,
    "throughput" : 0.32350315092068993,
    "receivedKBytesPerSec" : 9.879501900176633,
    "sentKBytesPerSec" : 0.3860555179932453
  },
  "Anonymous - Open First Post" : {
    "transaction" : "Anonymous - Open First Post",
    "sampleCount" : 665,
    "errorCount" : 0,
    "errorPct" : 0.0,
    "meanResTime" : 18.905263157894723,
    "medianResTime" : 15.0,
    "minResTime" : 12.0,
    "maxResTime" : 163.0,
    "pct1ResTime" : 26.0,
    "pct2ResTime" : 37.0,
    "pct3ResTime" : 98.0200000000001,
    "throughput" : 3.49380309661285,
    "receivedKBytesPerSec" : 81.91610677705859,
    "sentKBytesPerSec" : 1.463404587980792
  },
  "Admin - Delete User" : {
    "transaction" : "Admin - Delete User",
    "sampleCount" : 9,
    "errorCount" : 0,
    "errorPct" : 0.0,
    "meanResTime" : 8.666666666666666,
    "medianResTime" : 7.0,
    "minResTime" : 6.0,
    "maxResTime" : 19.0,
    "pct1ResTime" : 19.0,
    "pct2ResTime" : 19.0,
    "pct3ResTime" : 19.0,
    "throughput" : 0.3117746908234316,
    "receivedKBytesPerSec" : 0.05541307981432085,
    "sentKBytesPerSec" : 0.5761539452489001
  },
  "Admin - Add User" : {
    "transaction" : "Admin - Add User",
    "sampleCount" : 11,