{
  "Comment" : {
    "transaction" : "Comment",
    "sampleCount" : 351,
    "errorCount" : 0,
    "errorPct" : 0.0,
    "meanResTime" : 55.327635327635356,
    "medianResTime" : 39.0,
    "minResTime" : 31.0,
    "maxResTime" : 882.0,
    "pct1ResTime" : 91.80000000000001,
    "pct2ResTime" : 124.39999999999998,
    "pct3ResTime" : 434.2800000000034,
    "throughput" : 0.40822592688220066,
    "receivedKBytesPerSec" : 0.09767124227162027,
    "sentKBytesPerSec" : 0.9360220346049978
  },
  "OpenRandomPagebyPager" : {
    "transaction" : "OpenRandomPagebyPager",
    "sampleCount" : 476,
    "errorCount" : 0,
    "errorPct" : 0.0,
    "meanResTime" : 62.99369747899158,
    "medianResTime" : 36.0,
    "minResTime" : 16.0,
    "maxResTime" : 882.0,
    "pct1ResTime" : 129.0,
    "pct2ResTime" : 139.0,
    "pct3ResTime" : 324.46000000000004,
    "throughput" : 0.5333835341365462,
    "receivedKBytesPerSec" : 13.546126776567766,
    "sentKBytesPerSec" : 0.25133120897372974
  },
  "OpenLargeCalendar" : {
    "transaction" : "OpenLargeCalendar",
    "sampleCount" : 380,
    "errorCount" : 0,
    "errorPct" : 0.0,
    "meanResTime" : 55.89473684210523,
    "medianResTime" : 32.0,
    "minResTime" : 14.0,
    "maxResTime" : 688.0,
    "pct1ResTime" : 125.0,
    "pct2ResTime" : 133.0,
    "pct3ResTime" : 321.22999999999973,
    "throughput" : 0.4418933502028058,
    "receivedKBytesPerSec" : 8.600090406437223,
    "sentKBytesPerSec" : 0.19246526776411266
  },
  "Search by Name" : {
    "transaction" : "Search by Name",
    "sampleCount" : 355,
    "errorCount" : 0,
    "errorPct" : 0.0,
    "meanResTime" : 57.554929577464776,
    "medianResTime" : 31.0,
    "minResTime" : 0.0,
    "maxResTime" : 1257.0,
    "pct1ResTime" : 126.40000000000003,
    "pct2ResTime" : 133.2,
    "pct3ResTime" : 350.1199999999997,
    "throughput" : 0.4097830804606193,
    "receivedKBytesPerSec" : 8.57202581532404,
    "sentKBytesPerSec" : 0.1723902589367341
  },
  "SearchName" : {
    "transaction" : "SearchName",
    "sampleCount" : 354,
    "errorCount" : 0,
    "errorPct" : 0.0,
    "meanResTime" : 57.71468926553672,
    "medianResTime" : 31.0,
    "minResTime" : 16.0,
    "maxResTime" : 1257.0,
    "pct1ResTime" : 126.5,
    "pct2ResTime" : 133.25,
    "pct3ResTime" : 351.3499999999986,
    "throughput" : 0.4102411963282254,
    "receivedKBytesPerSec" : 8.60585072102208,
    "sentKBytesPerSec" : 0.17307050470097007
  },
  "OpenFirstPost" : {
    "transaction" : "OpenFirstPost",
    "sampleCount" : 177,
    "errorCount" : 0,
    "errorPct" : 0.0,
    "meanResTime" : 63.66666666666668,
    "medianResTime" : 33.0,
    "minResTime" : 17.0,
    "maxResTime" : 1201.0,
    "pct1ResTime" : 130.0,
    "pct2ResTime" : 142.29999999999998,
    "pct3ResTime" : 516.159999999999,
    "throughput" : 0.205644655330263,
    "receivedKBytesPerSec" : 5.032068484971094,
    "sentKBytesPerSec" : 0.08655551410873374
  },
  "Open to Home page" : {
    "transaction" : "Open to Home page",
    "sampleCount" : 2231,
    "errorCount" : 0,
    "errorPct" : 0.0,
    "meanResTime" : 66.64813984760184,
    "medianResTime" : 36.0,
    "minResTime" : 0.0,
    "maxResTime" : 2066.0,
    "pct1ResTime" : 132.0,
    "pct2ResTime" : 140.0,
    "pct3ResTime" : 321.4399999999987,
    "throughput" : 2.478429002618403,
    "receivedKBytesPerSec" : 63.88029075438224,
    "sentKBytesPerSec" : 1.0702961922621024
  },
  "OpenPagebyDefineDate" : {
    "transaction" : "OpenPagebyDefineDate",
    "sampleCount" : 381,
    "errorCount" : 0,
    "errorPct" : 0.0,
    "meanResTime" : 63.39107611548555,
    "medianResTime" : 34.0,
    "minResTime" : 15.0,
    "maxResTime" : 937.0,
    "pct1ResTime" : 128.0,
    "pct2ResTime" : 134.0,
    "pct3ResTime" : 440.26000000000005,
    "throughput" : 0.4319727891156463,
    "receivedKBytesPerSec" : 11.050319541879253,
    "sentKBytesPerSec" : 0.18898809523809523
  },
  "Open Predefined Date" : {
    "transaction" : "Open Predefined Date",
    "sampleCount" : 381,
    "errorCount" : 0,
    "errorPct" : 0.0,
    "meanResTime" : 63.39107611548555,
    "medianResTime" : 34.0,
    "minResTime" : 15.0,
    "maxResTime" : 937.0,
    "pct1ResTime" : 128.0,
    "pct2ResTime" : 134.0,
    "pct3ResTime" : 440.26000000000005,
    "throughput" : 0.43204969592092923,
    "receivedKBytesPerSec" : 11.052286899071037,
    "sentKBytesPerSec" : 0.18902174196540655
  },
  "Open Contacts" : {
    "transaction" : "Open Contacts",
    "sampleCount" : 382,
    "errorCount" : 0,
    "errorPct" : 0.0,
    "meanResTime" : 60.41884816753927,
    "medianResTime" : 31.0,
    "minResTime" : 0.0,
    "maxResTime" : 885.0,
    "pct1ResTime" : 128.0,
    "pct2ResTime" : 138.84999999999997,
    "pct3ResTime" : 524.3600000000065,
    "throughput" : 0.43674313101379286,
    "receivedKBytesPerSec" : 8.695831650528895,
    "sentKBytesPerSec" : 0.18717179954176272
  },
  "HomePage" : {
    "transaction" : "HomePage",
    "sampleCount" : 2585,
    "errorCount" : 0,
    "errorPct" : 0.0,
    "meanResTime" : 66.22437137330752,
    "medianResTime" : 36.0,
    "minResTime" : 15.0,
    "maxResTime" : 1571.0,
    "pct1ResTime" : 132.0,
    "pct2ResTime" : 140.0,
    "pct3ResTime" : 330.4199999999996,
    "throughput" : 2.877753904727977,
    "receivedKBytesPerSec" : 74.47312351102676,
    "sentKBytesPerSec" : 1.2477761071281464
  },
  "OpenContact" : {
    "transaction" : "OpenContact",
    "sampleCount" : 381,
    "errorCount" : 0,
    "errorPct" : 0.0,
    "meanResTime" : 60.57480314960628,
    "medianResTime" : 31.0,
    "minResTime" : 16.0,
    "maxResTime" : 885.0,
    "pct1ResTime" : 128.0,
    "pct2ResTime" : 138.89999999999998,
    "pct3ResTime" : 528.4400000000028,
    "throughput" : 0.43677884202018813,
    "receivedKBytesPerSec" : 8.71936825056317,
    "sentKBytesPerSec" : 0.18767840868054958
  },
  "Total" : {
    "transaction" : "Total",
    "sampleCount" : 5628,
    "errorCount" : 0,
    "errorPct" : 0.0,
    "meanResTime" : 63.5836886993605,
    "medianResTime" : 35.0,
    "minResTime" : 0.0,
    "maxResTime" : 2066.0,
    "pct1ResTime" : 130.0,
    "pct2ResTime" : 138.55000000000018,
    "pct3ResTime" : 344.1300000000001,
    "throughput" : 6.265376779810079,
    "receivedKBytesPerSec" : 143.41039538153896,
    "sentKBytesPerSec" : 3.450506337877253
  },
  "OpenPagebyRandomDate" : {
    "transaction" : "OpenPagebyRandomDate",
    "sampleCount" : 354,
    "errorCount" : 0,
    "errorPct" : 0.0,
    "meanResTime" : 63.2994350282486,
    "medianResTime" : 34.0,
    "minResTime" : 17.0,
    "maxResTime" : 857.0,
    "pct1ResTime" : 131.0,
    "pct2ResTime" : 153.25,
    "pct3ResTime" : 403.44999999999953,
    "throughput" : 0.3984606362538397,
    "receivedKBytesPerSec" : 10.004643563101983,
    "sentKBytesPerSec" : 0.17432652836105486
  },
  "Open Random Date" : {
    "transaction" : "Open Random Date",
    "sampleCount" : 355,
    "errorCount" : 0,
    "errorPct" : 0.0,
    "meanResTime" : 63.126760563380266,
    "medianResTime" : 34.0,
    "minResTime" : 0.0,
    "maxResTime" : 857.0,
    "pct1ResTime" : 131.0,
    "pct2ResTime" : 153.2,
    "pct3ResTime" : 403.0399999999999,
    "throughput" : 0.3984506443115278,
    "receivedKBytesPerSec" : 9.976211295219938,
    "sentKBytesPerSec" : 0.17383110855703623
  },
  "Open Home page" : {
    "transaction" : "Open Home page",
    "sampleCount" : 365,
    "errorCount" : 0,
    "errorPct" : 0.0,
    "meanResTime" : 69.01643835616446,
    "medianResTime" : 36.0,
    "minResTime" : 0.0,
    "maxResTime" : 1622.0,
    "pct1ResTime" : 133.0,
    "pct2ResTime" : 141.7,
    "pct3ResTime" : 375.15999999999815,
    "throughput" : 0.4064035843682707,
    "receivedKBytesPerSec" : 10.45965132660151,
    "sentKBytesPerSec" : 0.17524849769853093
  },
  "Open Large Calendar" : {
    "transaction" : "Open Large Calendar",
    "sampleCount" : 383,
    "errorCount" : 0,
    "errorPct" : 0.0,
    "meanResTime" : 55.45953002610964,
    "medianResTime" : 32.0,
    "minResTime" : 0.0,