{
  "Anonymous - Open Contacts" : {
    "transaction" : "Anonymous - Open Contacts",
    "sampleCount" : 8244,
    "errorCount" : 7833,
    "errorPct" : 95.01456,
    "meanResTime" : 139.60019408054336,
    "medianResTime" : 102.0,
    "minResTime" : 1.0,
    "maxResTime" : 10007.0,
    "pct1ResTime" : 164.0,
    "pct2ResTime" : 176.0,
    "pct3ResTime" : 189.0,
    "throughput" : 0.4588349776960785,
    "receivedKBytesPerSec" : 0.6675552427343615,
    "sentKBytesPerSec" : 0.2239820332906928
  },
  "Editor - Login" : {
    "transaction" : "Editor - Login",
    "sampleCount" : 204,
    "errorCount" : 194,
    "errorPct" : 95.09804,
    "meanResTime" : 102.74509803921563,
    "medianResTime" : 109.0,
    "minResTime" : 9.0,
    "maxResTime" : 196.0,
    "pct1ResTime" : 163.5,
    "pct2ResTime" : 173.75,
    "pct3ResTime" : 191.89999999999998,
    "throughput" : 0.011352070556457353,
    "receivedKBytesPerSec" : 0.02224771283949786,
    "sentKBytesPerSec" : 0.018219960209323278
  },
  "Anonymous - Open Predefined Date" : {
    "transaction" : "Anonymous - Open Predefined Date",
    "sampleCount" : 49456,
    "errorCount" : 46994,
    "errorPct" : 95.021835,
    "meanResTime" : 142.94154399870624,
    "medianResTime" : 107.0,
    "minResTime" : 0.0,
    "maxResTime" : 10007.0,
    "pct1ResTime" : 164.0,
    "pct2ResTime" : 175.0,
    "pct3ResTime" : 188.0,
    "throughput" : 2.7483811387120562,
    "receivedKBytesPerSec" : 4.90002502722276,
    "sentKBytesPerSec" : 1.3630115385563317
  },
  "Anonymous - Search by Name" : {
    "transaction" : "Anonymous - Search by Name",
    "sampleCount" : 49452,
    "errorCount" : 46993,
    "errorPct" : 95.027504,
    "meanResTime" : 142.6479414381625,
    "medianResTime" : 107.0,
    "minResTime" : 0.0,
    "maxResTime" : 10009.0,
    "pct1ResTime" : 165.0,
    "pct2ResTime" : 175.0,
    "pct3ResTime" : 187.0,
    "throughput" : 2.7488627700356614,
    "receivedKBytesPerSec" : 4.870034394310223,
    "sentKBytesPerSec" : 1.3202953615581112
  },
  "Admin- Open Login Page" : {
    "transaction" : "Admin- Open Login Page",
    "sampleCount" : 666,
    "errorCount" : 598,
    "errorPct" : 89.78979,
    "meanResTime" : 122.2372372372373,
    "medianResTime" : 98.5,
    "minResTime" : 2.0,
    "maxResTime" : 10005.0,
    "pct1ResTime" : 163.0,
    "pct2ResTime" : 172.64999999999998,
    "pct3ResTime" : 187.33000000000004,
    "throughput" : 0.03700473455020384,
    "receivedKBytesPerSec" : 0.03363060493239774,
    "sentKBytesPerSec" : 0.04167590511719361
  },
  "Editor - Edit Post" : {
    "transaction" : "Editor - Edit Post",
    "sampleCount" : 298,
    "errorCount" : 2,
    "errorPct" : 0.67114097,
    "meanResTime" : 70.83892617449665,
    "medianResTime" : 3.0,
    "minResTime" : 1.0,
    "maxResTime" : 10004.0,
    "pct1ResTime" : 6.0,
    "pct2ResTime" : 10.050000000000011,
    "pct3ResTime" : 131.7199999999093,
    "throughput" : 0.17804480515445686,
    "receivedKBytesPerSec" : 0.03442429839592385,
    "sentKBytesPerSec" : 0.3425381059946132
  },
  "Anonymous - Open Home page" : {
    "transaction" : "Anonymous - Open Home page",
    "sampleCount" : 61662,
    "errorCount" : 58590,
    "errorPct" : 95.018,
    "meanResTime" : 142.3746553793275,
    "medianResTime" : 106.0,
    "minResTime" : 0.0,
    "maxResTime" : 10011.0,
    "pct1ResTime" : 164.0,
    "pct2ResTime" : 175.0,
    "pct3ResTime" : 188.0,
    "throughput" : 3.4256938819013953,
    "receivedKBytesPerSec" : 5.993413119979925,
    "sentKBytesPerSec" : 1.6853547520544192
  },
  "Admin - User List" : {
    "transaction" : "Admin - User List",
    "sampleCount" : 6644,
    "errorCount" : 5978,
    "errorPct" : 89.97592,
    "meanResTime" : 135.56155930162566,
    "medianResTime" : 98.0,
    "minResTime" : 2.0,
    "maxResTime" : 10008.0,
    "pct1ResTime" : 163.0,
    "pct2ResTime" : 175.0,
    "pct3ResTime" : 189.0,
    "throughput" : 0.3692594097929663,
    "receivedKBytesPerSec" : 0.4146937265978931,
    "sentKBytesPerSec" : 0.45581685017416157
  },
  "Admin - Login" : {
    "transaction" : "Admin - Login",
    "sampleCount" : 666,
    "errorCount" : 597,
    "errorPct" : 89.63964,
    "meanResTime" : 124.77777777777793,
    "medianResTime" : 95.0,
    "minResTime" : 0.0,
    "maxResTime" : 10006.0,
    "pct1ResTime" : 161.0,
    "pct2ResTime" : 175.64999999999998,
    "pct3ResTime" : 190.0,
    "throughput" : 0.03700476950362491,
    "receivedKBytesPerSec" : 0.15841511195818017,
    "sentKBytesPerSec" : 0.05969741872633028
  },
  "Anonymous - Open Random Page" : {
    "transaction" : "Anonymous - Open Random Page",
    "sampleCount" : 2986,
    "errorCount" : 2,
    "errorPct" : 0.06697924,
    "meanResTime" : 19.602813127930332,
    "medianResTime" : 9.0,
    "minResTime" : 4.0,
    "maxResTime" : 10002.0,
    "pct1ResTime" : 21.0,
    "pct2ResTime" : 27.0,
    "pct3ResTime" : 49.13000000000011,
    "throughput" : 1.7862077959057197,
    "receivedKBytesPerSec" : 46.206082219620406,
    "sentKBytesPerSec" : 0.8597469786334014
  },
  "Admin - LogOut" : {
    "transaction" : "Admin - LogOut",
    "sampleCount" : 664,
    "errorCount" : 598,
    "errorPct" : 90.06024,
    "meanResTime" : 122.90662650602407,
    "medianResTime" : 99.0,
    "minResTime" : 4.0,
    "maxResTime" : 10004.0,
    "pct1ResTime" : 165.5,
    "pct2ResTime" : 175.0,
    "pct3ResTime" : 186.35000000000002,
    "throughput" : 0.03700055038318695,
    "receivedKBytesPerSec" : 0.11290403937557894,
    "sentKBytesPerSec" : 0.045739270474246196
  },
  "Anonymous - Open Random Date" : {
    "transaction" : "Anonymous - Open Random Date",
    "sampleCount" : 16487,
    "errorCount" : 15663,
    "errorPct" : 95.00212,
    "meanResTime" : 140.7994177230543,
    "medianResTime" : 102.0,
    "minResTime" : 0.0,
    "maxResTime" : 10008.0,
    "pct1ResTime" : 164.0,
    "pct2ResTime" : 176.0,
    "pct3ResTime" : 189.0,
    "throughput" : 0.9166131137108965,
    "receivedKBytesPerSec" : 1.5344124854185295,
    "sentKBytesPerSec" : 0.45460051128131307
  },
  "Editor -  Get Post Content" : {
    "transaction" : "Editor -  Get Post Content",
    "sampleCount" : 298,
    "errorCount" : 2,
    "errorPct" : 0.67114097,
    "meanResTime" : 70.98322147651007,
    "medianResTime" : 3.0,
    "minResTime" : 2.0,
    "maxResTime" : 10001.0,
    "pct1ResTime" : 6.0,
    "pct2ResTime" : 7.0,
    "pct3ResTime" : 119.80999999990922,
    "throughput" : 0.17909956192727955,
    "receivedKBytesPerSec" : 0.14125970848841773,
    "sentKBytesPerSec" : 0.23105834318481092
  },
  "Editor - Open Page by Predefined Date" : {
    "transaction" : "Editor - Open Page by Predefined Date",
    "sampleCount" : 10118,
    "errorCount" : 9686,
    "errorPct" : 95.730385,
    "meanResTime" : 141.69934769717304,
    "medianResTime" : 102.0,
    "minResTime" : 0.0,
    "maxResTime" : 10006.0,
    "pct1ResTime" : 164.0,
    "pct2ResTime" : 175.0,
    "pct3ResTime" : 189.0,
    "throughput" : 0.5622222749486968,
    "receivedKBytesPerSec" : 1.0053755971632115,
    "sentKBytesPerSec" : 0.6680818559138999
  },
  "Anonymous - Open First Post" : {
    "transaction" : "Anonymous - Open First Post",
    "sampleCount" : 4082,
    "errorCount" : 3,
    "errorPct" : 0.073493384,
    "meanResTime" : 41.55414012738855,
    "medianResTime" : 29.0,
    "minResTime" : 6.0,
    "maxResTime" : 10002.0,
    "pct1ResTime" : 53.0,
    "pct2ResTime" : 62.0,
    "pct3ResTime" : 76.0,
    "throughput" : 2.4410094369353073,
    "receivedKBytesPerSec" : 56.993670664016456,
    "sentKBytesPerSec" : 1.0402493909436277
  },
  "Admin - Delete User" : {
    "transaction" : "Admin - Delete User",
    "sampleCount" : 343,
    "errorCount" : 1,
    "errorPct" : 0.29154518,
    "meanResTime" : 36.62390670553936,
    "medianResTime" : 5.0,
    "minResTime" : 2.0,
    "maxResTime" : 10001.0,
    "pct1ResTime" : 11.0,
    "pct2ResTime" : 13.0,
    "pct3ResTime" : 112.40000000000015,
    "throughput" : 0.20572651448902454,